source,result_family,outcome,term,estimate,std_error,p_value,ci_low,ci_high,model_type,n,fallback_flag,warning_flag,significance_label,interpretation_note
06_models/model_results.csv,questionnaire,q_S1,Intercept,0.8660891955180733,1712317.4376857928,0.9999995964304386,-3356079.6418748666,3356081.374053257,mixedlm_random_intercept,453.0,False,True,p>=0.05,未达到0.05显著性；存在模型稳定性警告或异常标准误/CI
06_models/model_results.csv,questionnaire,q_S1,C(WWR)[T.45],-5.098816787281184,1712317.4376857472,0.9999976241162396,-3356085.60678076,3356075.4091471853,mixedlm_random_intercept,453.0,False,True,p>=0.05,未达到0.05显著性；WWR只有15/45/75三档，显著性只支持本实验三档内比较；存在模型稳定性警告或异常标准误/CI
06_models/model_results.csv,questionnaire,q_S1,C(WWR)[T.75],-9.838451466203772,3424634.8753714883,0.999997707799864,-6712170.8543794,6712151.177476467,mixedlm_random_intercept,453.0,False,True,p>=0.05,未达到0.05显著性；WWR只有15/45/75三档，显著性只支持本实验三档内比较；存在模型稳定性警告或异常标准误/CI
06_models/model_results.csv,questionnaire,q_S1,C(Complexity)[T.1],-14.15587545128616,5136952.313057228,0.9999978012732494,-10068255.679767344,10068227.36801644,mixedlm_random_intercept,453.0,False,True,p>=0.05,未达到0.05显著性；存在模型稳定性警告或异常标准误/CI
06_models/model_results.csv,questionnaire,q_S1,C(ExperienceGroup)[T.Low],-0.2577721508458963,0.2476796557600905,0.2979924361534316,-0.7432153558389523,0.2276710541471596,mixedlm_random_intercept,453.0,False,False,p>=0.05,未达到0.05显著性
06_models/model_results.csv,questionnaire,q_S1,C(Gender)[T.Male],0.0013576787368258,0.2341665015785698,0.9953739547450746,-0.4576002307429127,0.4603155882165644,mixedlm_random_intercept,453.0,False,False,p>=0.05,未达到0.05显著性
06_models/model_results.csv,questionnaire,q_S1,Age,-0.0098267828796922,0.0295775769127429,0.739709861355202,-0.0677977683786318,0.0481442026192473,mixedlm_random_intercept,453.0,False,False,p>=0.05,未达到0.05显著性
06_models/model_results.csv,questionnaire,q_S1,block,0.0565285265160697,0.1035103724932063,0.584987158837472,-0.1463480755969401,0.2594051286290797,mixedlm_random_intercept,453.0,False,False,p>=0.05,未达到0.05显著性
06_models/model_results.csv,questionnaire,q_S1,position,4.81640625,1712317.4376857425,0.9999977557104186,-3356075.691557714,3356085.324370214,mixedlm_random_intercept,453.0,False,True,p>=0.05,未达到0.05显著性；存在模型稳定性警告或异常标准误/CI
06_models/model_results.csv,questionnaire,q_S1,Group Var,0.3816353644282206,0.1094208370693069,0.000487056024099,0.1671744646141537,0.5960962642422875,mixedlm_random_intercept,453.0,False,False,p<0.05,统计显著
06_models/model_results.csv,questionnaire,q_S2,Intercept,6.264925979728595,0.4066595228425465,3.1624145239238456e-43,5.465714272763899,7.064137686693291,ols_fallback_after:LinAlgError,453.0,True,True,p<0.05,统计显著；模型发生OLS fallback，需谨慎；存在模型稳定性警告或异常标准误/CI
06_models/model_results.csv,questionnaire,q_S2,C(WWR)[T.45],-0.7735733210843438,0.1435120780978487,1.1433296909487802e-07,-1.055618930406129,-0.4915277117625586,ols_fallback_after:LinAlgError,453.0,True,True,p<0.05,统计显著；WWR只有15/45/75三档，显著性只支持本实验三档内比较；模型发生OLS fallback，需谨慎；存在模型稳定性警告或异常标准误/CI
06_models/model_results.csv,questionnaire,q_S2,C(WWR)[T.75],-1.0925389629976143,0.1328220905258972,2.1582887193616144e-15,-1.35357544125297,-0.8315024847422587,ols_fallback_after:LinAlgError,453.0,True,True,p<0.05,统计显著；WWR只有15/45/75三档，显著性只支持本实验三档内比较；模型发生OLS fallback，需谨慎；存在模型稳定性警告或异常标准误/CI
06_models/model_results.csv,questionnaire,q_S2,C(Complexity)[T.1],-0.9857847758605864,0.1153836666385977,2.0917981548840007e-16,-1.212549358982827,-0.7590201927383463,ols_fallback_after:LinAlgError,453.0,True,True,p<0.05,统计显著；模型发生OLS fallback，需谨慎；存在模型稳定性警告或异常标准误/CI
06_models/model_results.csv,questionnaire,q_S2,C(ExperienceGroup)[T.Low],-0.3888976774467397,0.1322618749362442,0.003449137779846,-0.6488331588422527,-0.1289621960512267,ols_fallback_after:LinAlgError,453.0,True,True,p<0.05,统计显著；模型发生OLS fallback，需谨慎；存在模型稳定性警告或异常标准误/CI
06_models/model_results.csv,questionnaire,q_S2,C(Gender)[T.Male],-0.2385119031559323,0.1255125089523453,0.0580392876247558,-0.4851827933985907,0.0081589870867259,ols_fallback_after:LinAlgError,453.0,True,True,p>=0.05,未达到0.05显著性；模型发生OLS fallback，需谨慎；存在模型稳定性警告或异常标准误/CI
06_models/model_results.csv,questionnaire,q_S2,Age,-0.0157375113086295,0.0159148865931901,0.3232715702170319,-0.0470151845606533,0.0155401619433942,ols_fallback_after:LinAlgError,453.0,True,True,p>=0.05,未达到0.05显著性；模型发生OLS fallback，需谨慎；存在模型稳定性警告或异常标准误/CI
06_models/model_results.csv,questionnaire,q_S2,block,-0.1026456731653718,0.1249190431859984,0.4116890652659991,-0.3481502196695832,0.1428588733388395,ols_fallback_after:LinAlgError,453.0,True,True,p>=0.05,未达到0.05显著性；模型发生OLS fallback，需谨慎；存在模型稳定性警告或异常标准误/CI
06_models/model_results.csv,questionnaire,q_S2,position,0.3489204050672649,0.0376826258971386,8.766633687542518e-19,0.2748623932060134,0.4229784169285165,ols_fallback_after:LinAlgError,453.0,True,True,p<0.05,统计显著；模型发生OLS fallback，需谨慎；存在模型稳定性警告或异常标准误/CI
06_models/model_results.csv,questionnaire,q_S3,Intercept,5.065268850891087,0.4549340310621435,1.4391724503926874e-25,4.171182808149423,5.959354893632751,ols_fallback_after:LinAlgError,453.0,True,True,p<0.05,统计显著；模型发生OLS fallback，需谨慎；存在模型稳定性警告或异常标准误/CI
06_models/model_results.csv,questionnaire,q_S3,C(WWR)[T.45],-0.2672992843495711,0.1605483814538345,0.0966337255573892,-0.5828264976193784,0.0482279289202361,ols_fallback_after:LinAlgError,453.0,True,True,p>=0.05,未达到0.05显著性；WWR只有15/45/75三档，显著性只支持本实验三档内比较；模型发生OLS fallback，需谨慎；存在模型稳定性警告或异常标准误/CI
06_models/model_results.csv,questionnaire,q_S3,C(WWR)[T.75],-0.9190459661245564,0.148589386606946,1.4069576261946491e-09,-1.211070056638612,-0.6270218756105008,ols_fallback_after:LinAlgError,453.0,True,True,p<0.05,统计显著；WWR只有15/45/75三档，显著性只支持本实验三档内比较；模型发生OLS fallback，需谨慎；存在模型稳定性警告或异常标准误/CI
06_models/model_results.csv,questionnaire,q_S3,C(Complexity)[T.1],-0.8891319455448876,0.1290808492955225,1.936535994059293e-11,-1.1428157279405862,-0.635448163149189,ols_fallback_after:LinAlgError,453.0,True,True,p<0.05,统计显著；模型发生OLS fallback，需谨慎；存在模型稳定性警告或异常标准误/CI
06_models/model_results.csv,questionnaire,q_S3,C(ExperienceGroup)[T.Low],-0.4341723416634712,0.1479626678848977,0.0035154817965198,-0.7249647360988667,-0.1433799472280758,ols_fallback_after:LinAlgError,453.0,True,True,p<0.05,统计显著；模型发生OLS fallback，需谨慎；存在模型稳定性警告或异常标准误/CI
06_models/model_results.csv,questionnaire,q_S3,C(Gender)[T.Male],-0.1569474536108457,0.1404120853909579,0.2642712460560407,-0.4329006187042645,0.119005711482573,ols_fallback_after:LinAlgError,453.0,True,True,p>=0.05,未达到0.05显著性；模型发生OLS fallback，需谨慎；存在模型稳定性警告或异常标准误/CI
06_models/model_results.csv,questionnaire,q_S3,Age,0.0097611152947295,0.01780414106899,0.5837953692107424,-0.0252295271850658,0.044751757774525,ols_fallback_after:LinAlgError,453.0,True,True,p>=0.05,未达到0.05显著性；模型发生OLS fallback，需谨慎；存在模型稳定性警告或异常标准误/CI
06_models/model_results.csv,questionnaire,q_S3,block,0.0944041624879862,0.1397481693673163,0.499689603663232,-0.180244202327237,0.3690525273032096,ols_fallback_after:LinAlgError,453.0,True,True,p>=0.05,未达到0.05显著性；模型发生OLS fallback，需谨慎；存在模型稳定性警告或异常标准误/CI
06_models/model_results.csv,questionnaire,q_S3,position,0.2924817976577444,0.0421559263645464,1.4092328929814268e-11,0.2096323671735304,0.3753312281419585,ols_fallback_after:LinAlgError,453.0,True,True,p<0.05,统计显著；模型发生OLS fallback，需谨慎；存在模型稳定性警告或异常标准误/CI
06_models/model_results.csv,questionnaire,q_S4,Intercept,4.854685499048362,0.4581788323760861,1.522869215206765e-23,3.954222418388711,5.755148579708012,ols_fallback_after:LinAlgError,453.0,True,True,p<0.05,统计显著；模型发生OLS fallback，需谨慎；存在模型稳定性警告或异常标准误/CI
06_models/model_results.csv,questionnaire,q_S4,C(WWR)[T.45],-0.7517914122373924,0.1616934872571452,4.3925707660343405e-06,-1.069569112492779,-0.4340137119820057,ols_fallback_after:LinAlgError,453.0,True,True,p<0.05,统计显著；WWR只有15/45/75三档，显著性只支持本实验三档内比较；模型发生OLS fallback，需谨慎；存在模型稳定性警告或异常标准误/CI
06_models/model_results.csv,questionnaire,q_S4,C(WWR)[T.75],-0.7698319443633642,0.1496491952912391,4.0349890832366965e-07,-1.0639388866491166,-0.4757250020776118,ols_fallback_after:LinAlgError,453.0,True,True,p<0.05,统计显著；WWR只有15/45/75三档，显著性只支持本实验三档内比较；模型发生OLS fallback，需谨慎；存在模型稳定性警告或异常标准误/CI
06_models/model_results.csv,questionnaire,q_S4,C(Complexity)[T.1],-0.7511491425871571,0.1300015140090878,1.4225021674123038e-08,-1.0066423158268902,-0.4956559693474241,ols_fallback_after:LinAlgError,453.0,True,True,p<0.05,统计显著；模型发生OLS fallback，需谨慎；存在模型稳定性警告或异常标准误/CI
06_models/model_results.csv,questionnaire,q_S4,C(ExperienceGroup)[T.Low],-0.3172586398761097,0.1490180065194827,0.0338031523173902,-0.6101251010533262,-0.0243921786988933,ols_fallback_after:LinAlgError,453.0,True,True,p<0.05,统计显著；模型发生OLS fallback，需谨慎；存在模型稳定性警告或异常标准误/CI
06_models/model_results.csv,questionnaire,q_S4,C(Gender)[T.Male],0.1059594298853497,0.1414135697558586,0.4540797965841298,-0.1719619616574977,0.3838808214281972,ols_fallback_after:LinAlgError,453.0,True,True,p>=0.05,未达到0.05显著性；模型发生OLS fallback，需谨慎；存在模型稳定性警告或异常标准误/CI
06_models/model_results.csv,questionnaire,q_S4,Age,0.0053427014635323,0.0179311284921981,0.7658752045997458,-0.0298975105690816,0.0405829134961463,ols_fallback_after:LinAlgError,453.0,True,True,p>=0.05,未达到0.05显著性；模型发生OLS fallback，需谨慎；存在模型稳定性警告或异常标准误/CI
06_models/model_results.csv,questionnaire,q_S4,block,0.1476435398193777,0.140744918374036,0.2947405657100536,-0.1289637450022122,0.4242508246409676,ols_fallback_after:LinAlgError,453.0,True,True,p>=0.05,未达到0.05显著性；模型发生OLS fallback，需谨慎；存在模型稳定性警告或异常标准误/CI
06_models/model_results.csv,questionnaire,q_S4,position,0.3097827703227739,0.0424566020579844,1.3667757335563634e-12,0.2263424191279967,0.393223121517551,ols_fallback_after:LinAlgError,453.0,True,True,p<0.05,统计显著；模型发生OLS fallback，需谨慎；存在模型稳定性警告或异常标准误/CI
06_models/model_results.csv,questionnaire,q_S5,Intercept,6.47177744793283,0.5347055407683986,2.39300408117418e-29,5.420915722197577,7.522639173668082,ols_fallback_after:LinAlgError,453.0,True,True,p<0.05,统计显著；模型发生OLS fallback，需谨慎；存在模型稳定性警告或异常标准误/CI
06_models/model_results.csv,questionnaire,q_S5,C(WWR)[T.45],-0.8810483766736376,0.1887001263113624,4.012272314127777e-06,-1.2519024734856037,-0.5101942798616714,ols_fallback_after:LinAlgError,453.0,True,True,p<0.05,统计显著；WWR只有15/45/75三档，显著性只支持本实验三档内比较；模型发生OLS fallback，需谨慎；存在模型稳定性警告或异常标准误/CI
06_models/model_results.csv,questionnaire,q_S5,C(WWR)[T.75],-1.018948923137015,0.1746441525436437,1.0401221896176574e-08,-1.3621786851997886,-0.6757191610742415,ols_fallback_after:LinAlgError,453.0,True,True,p<0.05,统计显著；WWR只有15/45/75三档，显著性只支持本实验三档内比较；模型发生OLS fallback，需谨慎；存在模型稳定性警告或异常标准误/CI
06_models/model_results.csv,questionnaire,q_S5,C(Complexity)[T.1],-1.056510964430556,0.1517148434999764,1.1956698160865591e-11,-1.3546775441726104,-0.7583443846885018,ols_fallback_after:LinAlgError,453.0,True,True,p<0.05,统计显著；模型发生OLS fallback，需谨慎；存在模型稳定性警告或异常标准误/CI
06_models/model_results.csv,questionnaire,q_S5,C(ExperienceGroup)[T.Low],-0.2440383301990803,0.1739075403091178,0.161235257843959,-0.5858204214506272,0.0977437610524666,ols_fallback_after:LinAlgError,453.0,True,True,p>=0.05,未达到0.05显著性；模型发生OLS fallback，需谨慎；存在模型稳定性警告或异常标准误/CI
06_models/model_results.csv,questionnaire,q_S5,C(Gender)[T.Male],-0.0283215727727394,0.1650329826372892,0.8638209044248877,-0.3526624140668741,0.2960192685213954,ols_fallback_after:LinAlgError,453.0,True,True,p>=0.05,未达到0.05显著性；模型发生OLS fallback，需谨慎；存在模型稳定性警告或异常标准误/CI
06_models/model_results.csv,questionnaire,q_S5,Age,0.0034918025127563,0.0209260513133842,0.8675529339162588,-0.0376343589337963,0.044617963959309,ols_fallback_after:LinAlgError,453.0,True,True,p>=0.05,未达到0.05显著性；模型发生OLS fallback，需谨慎；存在模型稳定性警告或异常标准误/CI
06_models/model_results.csv,questionnaire,q_S5,block,-0.0378097968214728,0.1642526506502158,0.8180476449719951,-0.3606170444718911,0.2849974508289454,ols_fallback_after:LinAlgError,453.0,True,True,p>=0.05,未达到0.05显著性；模型发生OLS fallback，需谨慎；存在模型稳定性警告或异常标准误/CI
06_models/model_results.csv,questionnaire,q_S5,position,0.3832983316934998,0.0495478593912191,6.936971951729885e-14,0.2859214671270321,0.4806751962599674,ols_fallback_after:LinAlgError,453.0,True,True,p<0.05,统计显著；模型发生OLS fallback，需谨慎；存在模型稳定性警告或异常标准误/CI
06_models/model_results.csv,eye_tracking,visited,Intercept,0.912749667469824,1330912.2011117633,0.9999994528047252,-2608539.0680143177,2608540.893513653,logit,1130.0,False,True,p>=0.05,未达到0.05显著性；眼动结果注意AOI-expanded row粒度；存在模型稳定性警告或异常标准误/CI
06_models/model_results.csv,eye_tracking,visited,C(WWR)[T.45],0.7592124527992374,1330912.2011117334,0.9999995448505964,-2608539.2215514737,2608540.73997638,logit,1130.0,False,True,p>=0.05,未达到0.05显著性；WWR只有15/45/75三档，显著性只支持本实验三档内比较；眼动结果注意AOI-expanded row粒度；存在模型稳定性警告或异常标准误/CI
06_models/model_results.csv,eye_tracking,visited,C(WWR)[T.75],0.9210591627420178,2661824.402223446,0.999999723911583,-5217079.04046865,5217080.882586975,logit,1130.0,False,True,p>=0.05,未达到0.05显著性；WWR只有15/45/75三档，显著性只支持本实验三档内比较；眼动结果注意AOI-expanded row粒度；存在模型稳定性警告或异常标准误/CI
06_models/model_results.csv,eye_tracking,visited,C(Complexity)[T.1],-1.0368319298893918,3992736.603335164,0.9999997928057192,-7825620.979123639,7825618.905459778,logit,1130.0,False,True,p>=0.05,未达到0.05显著性；眼动结果注意AOI-expanded row粒度；存在模型稳定性警告或异常标准误/CI
06_models/model_results.csv,eye_tracking,visited,C(ExperienceGroup)[T.Low],0.0836046501499955,0.1889599796242006,0.6581662569797846,-0.2867501044328602,0.4539594047328513,logit,1130.0,False,False,p>=0.05,未达到0.05显著性；眼动结果注意AOI-expanded row粒度
06_models/model_results.csv,eye_tracking,visited,C(Gender)[T.Male],-0.1777937897421106,0.1880914964759289,0.3445304369342072,-0.5464463486331738,0.1908587691489525,logit,1130.0,False,False,p>=0.05,未达到0.05显著性；眼动结果注意AOI-expanded row粒度
06_models/model_results.csv,eye_tracking,visited,block,-0.1306355415680875,0.1861273437193843,0.4827657924106989,-0.4954384317961882,0.2341673486600131,logit,1130.0,False,False,p>=0.05,未达到0.05显著性；眼动结果注意AOI-expanded row粒度
06_models/model_results.csv,eye_tracking,visited,position,0.4035811138584464,1330912.201111719,0.9999997580523048,-2608539.5771827847,2608540.3843450127,logit,1130.0,False,True,p>=0.05,未达到0.05显著性；眼动结果注意AOI-expanded row粒度；存在模型稳定性警告或异常标准误/CI
06_models/model_results.csv,eye_tracking,FCR,Intercept,4.124045436617295e-16,1686828.054336575,1.0,-3306122.234611461,3306122.234611461,mixedlm_random_intercept,1130.0,False,True,p>=0.05,未达到0.05显著性；眼动结果注意AOI-expanded row粒度；存在模型稳定性警告或异常标准误/CI
06_models/model_results.csv,eye_tracking,FCR,C(WWR)[T.45],0.0319441215688369,428079.3594214367,0.9999999404602888,-839020.0950468713,839020.1589351145,mixedlm_random_intercept,1130.0,False,True,p>=0.05,未达到0.05显著性；WWR只有15/45/75三档，显著性只支持本实验三档内比较；眼动结果注意AOI-expanded row粒度；存在模型稳定性警告或异常标准误/CI
06_models/model_results.csv,eye_tracking,FCR,C(WWR)[T.75],0.0843251135716953,856158.7188428721,0.9999999214144472,-1678040.1696568695,1678040.3383070969,mixedlm_random_intercept,1130.0,False,True,p>=0.05,未达到0.05显著性；WWR只有15/45/75三档，显著性只支持本实验三档内比较；眼动结果注意AOI-expanded row粒度；存在模型稳定性警告或异常标准误/CI
06_models/model_results.csv,eye_tracking,FCR,C(Complexity)[T.1],-0.0670042213375598,1284238.0782643068,0.9999999583709324,-2517060.447977194,2517060.313968751,mixedlm_random_intercept,1130.0,False,True,p>=0.05,未达到0.05显著性；眼动结果注意AOI-expanded row粒度；存在模型稳定性警告或异常标准误/CI
06_models/model_results.csv,eye_tracking,FCR,C(ExperienceGroup)[T.Low],2.672111556416634e-16,1807189.1172082035,1.0,-3542025.582980813,3542025.582980813,mixedlm_random_intercept,1130.0,False,True,p>=0.05,未达到0.05显著性；眼动结果注意AOI-expanded row粒度；存在模型稳定性警告或异常标准误/CI
06_models/model_results.csv,eye_tracking,FCR,C(Gender)[T.Male],2.6706198761133744e-16,1807189.117208204,1.0,-3542025.5829808144,3542025.5829808144,mixedlm_random_intercept,1130.0,False,True,p>=0.05,未达到0.05显著性；眼动结果注意AOI-expanded row粒度；存在模型稳定性警告或异常标准误/CI
06_models/model_results.csv,eye_tracking,FCR,block,-0.0139480351921904,0.0161744120928544,0.3884938942791465,-0.0456493003652942,0.0177532299809133,mixedlm_random_intercept,1130.0,False,False,p>=0.05,未达到0.05显著性；眼动结果注意AOI-expanded row粒度
06_models/model_results.csv,eye_tracking,FCR,position,-0.0004183153004523,428079.3594214355,0.9999999992203144,-839020.127409306,839020.1265726754,mixedlm_random_intercept,1130.0,False,True,p>=0.05,未达到0.05显著性；眼动结果注意AOI-expanded row粒度；存在模型稳定性警告或异常标准误/CI
06_models/model_results.csv,eye_tracking,FCR,Group Var,0.0,,,,,mixedlm_random_intercept,1130.0,False,False,p_not_available,没有可直接解读的p值；眼动结果注意AOI-expanded row粒度
06_models/model_results.csv,other,FC,Intercept,2.4563139863136575e-14,103447332.16976573,1.0,-202753045.3494925,202753045.3494925,mixedlm_random_intercept,1130.0,False,True,p>=0.05,未达到0.05显著性；存在模型稳定性警告或异常标准误/CI
06_models/model_results.csv,other,FC,C(WWR)[T.45],1.8691869117586173,19372660.347705062,0.9999999230154584,-37969714.697042204,37969718.43541604,mixedlm_random_intercept,1130.0,False,True,p>=0.05,未达到0.05显著性；WWR只有15/45/75三档，显著性只支持本实验三档内比较；存在模型稳定性警告或异常标准误/CI
06_models/model_results.csv,other,FC,C(WWR)[T.75],5.058377333424234,38745320.69541003,0.999999895832552,-75939428.07408072,75939438.1908354,mixedlm_random_intercept,1130.0,False,True,p>=0.05,未达到0.05显著性；WWR只有15/45/75三档，显著性只支持本实验三档内比较；存在模型稳定性警告或异常标准误/CI
06_models/model_results.csv,other,FC,C(Complexity)[T.1],-4.002234630332399,58117981.04311499,0.9999999450545052,-113909153.70092162,113909145.69645236,mixedlm_random_intercept,1130.0,False,True,p>=0.05,未达到0.05显著性；存在模型稳定性警告或异常标准误/CI
06_models/model_results.csv,other,FC,C(ExperienceGroup)[T.Low],1.5915331841996258e-14,110169537.37395906,1.0,-215928325.4463992,215928325.4463992,mixedlm_random_intercept,1130.0,False,True,p>=0.05,未达到0.05显著性；存在模型稳定性警告或异常标准误/CI
06_models/model_results.csv,other,FC,C(Gender)[T.Male],1.590501788736028e-14,110169537.37395903,1.0,-215928325.4463992,215928325.4463992,mixedlm_random_intercept,1130.0,False,True,p>=0.05,未达到0.05显著性；存在模型稳定性警告或异常标准误/CI
06_models/model_results.csv,other,FC,block,-0.7883750938626304,0.9860215959679492,0.423970669022213,-2.7209419099385155,1.1441917222132547,mixedlm_random_intercept,1130.0,False,False,p>=0.05,未达到0.05显著性
06_models/model_results.csv,other,FC,position,-0.0207623123901444,19372660.347704988,0.999999999144881,-37969716.58699129,37969716.54546667,mixedlm_random_intercept,1130.0,False,True,p>=0.05,未达到0.05显著性；存在模型稳定性警告或异常标准误/CI
06_models/model_results.csv,other,FC,Group Var,0.0,,,,,mixedlm_random_intercept,1130.0,False,False,p_not_available,没有可直接解读的p值
06_models/model_results.csv,other,FC_share,Intercept,2.0736014876288967e-16,888184.3799022648,1.0,-1740809.39623948,1740809.39623948,mixedlm_random_intercept,1130.0,False,True,p>=0.05,未达到0.05显著性；存在模型稳定性警告或异常标准误/CI
06_models/model_results.csv,other,FC_share,C(WWR)[T.45],0.0144558494867522,,,,,mixedlm_random_intercept,1130.0,False,False,p_not_available,没有可直接解读的p值；WWR只有15/45/75三档，显著性只支持本实验三档内比较
06_models/model_results.csv,other,FC_share,C(WWR)[T.75],0.0434972991767919,,,,,mixedlm_random_intercept,1130.0,False,False,p_not_available,没有可直接解读的p值；WWR只有15/45/75三档，显著性只支持本实验三档内比较
06_models/model_results.csv,other,FC_share,C(Complexity)[T.1],-0.0340637476418367,,,,,mixedlm_random_intercept,1130.0,False,False,p_not_available,没有可直接解读的p值
06_models/model_results.csv,other,FC_share,C(ExperienceGroup)[T.Low],1.3428447327695847e-16,840509.5325395934,1.0,-1647368.4124401996,1647368.4124401996,mixedlm_random_intercept,1130.0,False,True,p>=0.05,未达到0.05显著性；存在模型稳定性警告或异常标准误/CI
06_models/model_results.csv,other,FC_share,C(Gender)[T.Male],1.3400387284802362e-16,840509.5325395936,1.0,-1647368.4124402,1647368.4124402,mixedlm_random_intercept,1130.0,False,True,p>=0.05,未达到0.05显著性；存在模型稳定性警告或异常标准误/CI
06_models/model_results.csv,other,FC_share,block,0.0014134298493218,0.0075225926372716,0.8509618483525822,-0.0133305807900967,0.0161574404887403,mixedlm_random_intercept,1130.0,False,False,p>=0.05,未达到0.05显著性
06_models/model_results.csv,other,FC_share,position,-0.0007407950851743,,,,,mixedlm_random_intercept,1130.0,False,False,p_not_available,没有可直接解读的p值
06_models/model_results.csv,other,FC_share,Group Var,0.0,,,,,mixedlm_random_intercept,1130.0,False,False,p_not_available,没有可直接解读的p值
06_models/model_results.csv,eye_tracking,FC_rate,Intercept,4.124045436617295e-16,1686828.054336575,1.0,-3306122.234611461,3306122.234611461,mixedlm_random_intercept,1130.0,False,True,p>=0.05,未达到0.05显著性；眼动结果注意AOI-expanded row粒度；存在模型稳定性警告或异常标准误/CI
06_models/model_results.csv,eye_tracking,FC_rate,C(WWR)[T.45],0.0319441215688369,428079.3594214367,0.9999999404602888,-839020.0950468713,839020.1589351145,mixedlm_random_intercept,1130.0,False,True,p>=0.05,未达到0.05显著性；WWR只有15/45/75三档，显著性只支持本实验三档内比较；眼动结果注意AOI-expanded row粒度；存在模型稳定性警告或异常标准误/CI
06_models/model_results.csv,eye_tracking,FC_rate,C(WWR)[T.75],0.0843251135716953,856158.7188428721,0.9999999214144472,-1678040.1696568695,1678040.3383070969,mixedlm_random_intercept,1130.0,False,True,p>=0.05,未达到0.05显著性；WWR只有15/45/75三档，显著性只支持本实验三档内比较；眼动结果注意AOI-expanded row粒度；存在模型稳定性警告或异常标准误/CI
06_models/model_results.csv,eye_tracking,FC_rate,C(Complexity)[T.1],-0.0670042213375598,1284238.0782643068,0.9999999583709324,-2517060.447977194,2517060.313968751,mixedlm_random_intercept,1130.0,False,True,p>=0.05,未达到0.05显著性；眼动结果注意AOI-expanded row粒度；存在模型稳定性警告或异常标准误/CI
06_models/model_results.csv,eye_tracking,FC_rate,C(ExperienceGroup)[T.Low],2.672111556416634e-16,1807189.1172082035,1.0,-3542025.582980813,3542025.582980813,mixedlm_random_intercept,1130.0,False,True,p>=0.05,未达到0.05显著性；眼动结果注意AOI-expanded row粒度；存在模型稳定性警告或异常标准误/CI
06_models/model_results.csv,eye_tracking,FC_rate,C(Gender)[T.Male],2.6706198761133744e-16,1807189.117208204,1.0,-3542025.5829808144,3542025.5829808144,mixedlm_random_intercept,1130.0,False,True,p>=0.05,未达到0.05显著性；眼动结果注意AOI-expanded row粒度；存在模型稳定性警告或异常标准误/CI
06_models/model_results.csv,eye_tracking,FC_rate,block,-0.0139480351921904,0.0161744120928544,0.3884938942791465,-0.0456493003652942,0.0177532299809133,mixedlm_random_intercept,1130.0,False,False,p>=0.05,未达到0.05显著性；眼动结果注意AOI-expanded row粒度
06_models/model_results.csv,eye_tracking,FC_rate,position,-0.0004183153004523,428079.3594214355,0.9999999992203144,-839020.127409306,839020.1265726754,mixedlm_random_intercept,1130.0,False,True,p>=0.05,未达到0.05显著性；眼动结果注意AOI-expanded row粒度；存在模型稳定性警告或异常标准误/CI
06_models/model_results.csv,eye_tracking,FC_rate,Group Var,0.0,,,,,mixedlm_random_intercept,1130.0,False,False,p_not_available,没有可直接解读的p值；眼动结果注意AOI-expanded row粒度
06_models/model_results.csv,eye_tracking,TFD_ms,Intercept,8.453415264291009e-14,100738082944.60023,1.0,-197443014443.0252,197443014443.0252,mixedlm_random_intercept,988.0,False,True,p>=0.05,未达到0.05显著性；眼动结果注意AOI-expanded row粒度；存在模型稳定性警告或异常标准误/CI
06_models/model_results.csv,eye_tracking,TFD_ms,C(WWR)[T.45],-683.4102335811638,14027304449.521622,0.9999999611270664,-27493012204.65106,27493010837.830597,mixedlm_random_intercept,988.0,False,True,p>=0.05,未达到0.05显著性；WWR只有15/45/75三档，显著性只支持本实验三档内比较；眼动结果注意AOI-expanded row粒度；存在模型稳定性警告或异常标准误/CI
06_models/model_results.csv,eye_tracking,TFD_ms,C(WWR)[T.75],806.3578152116098,28054608899.043217,0.9999999770668536,-54986022236.12379,54986023848.839424,mixedlm_random_intercept,988.0,False,True,p>=0.05,未达到0.05显著性；WWR只有15/45/75三档，显著性只支持本实验三档内比较；眼动结果注意AOI-expanded row粒度；存在模型稳定性警告或异常标准误/CI
06_models/model_results.csv,eye_tracking,TFD_ms,C(Complexity)[T.1],-521.732935589142,42081913348.5648,0.9999999901078012,-82479035085.4553,82479034041.98943,mixedlm_random_intercept,988.0,False,True,p>=0.05,未达到0.05显著性；眼动结果注意AOI-expanded row粒度；存在模型稳定性警告或异常标准误/CI
06_models/model_results.csv,eye_tracking,TFD_ms,C(ExperienceGroup)[T.Low],5.4929917562640426e-14,121158614936.67778,1.0,-237466521692.64508,237466521692.64508,mixedlm_random_intercept,988.0,False,True,p>=0.05,未达到0.05显著性；眼动结果注意AOI-expanded row粒度；存在模型稳定性警告或异常标准误/CI
06_models/model_results.csv,eye_tracking,TFD_ms,C(Gender)[T.Male],3.629890132858104e-14,119893254101.2658,1.0,-234986460027.79007,234986460027.79007,mixedlm_random_intercept,988.0,False,True,p>=0.05,未达到0.05显著性；眼动结果注意AOI-expanded row粒度；存在模型稳定性警告或异常标准误/CI
06_models/model_results.csv,eye_tracking,TFD_ms,block,47.52376898642068,459.5701644224756,0.9176382350300356,-853.2172016507823,948.2647396236237,mixedlm_random_intercept,988.0,False,False,p>=0.05,未达到0.05显著性；眼动结果注意AOI-expanded row粒度
06_models/model_results.csv,eye_tracking,TFD_ms,position,-635.8934099253689,14027304449.5216,0.9999999638298622,-27493012157.1342,27493010885.347378,mixedlm_random_intercept,988.0,False,True,p>=0.05,未达到0.05显著性；眼动结果注意AOI-expanded row粒度；存在模型稳定性警告或异常标准误/CI
06_models/model_results.csv,eye_tracking,TFD_ms,Group Var,0.0,,,,,mixedlm_random_intercept,988.0,False,False,p_not_available,没有可直接解读的p值；眼动结果注意AOI-expanded row粒度
06_models/model_results.csv,eye_tracking,TTFF_ms,Intercept,-2.408596483065921e-12,,,,,mixedlm_random_intercept,988.0,False,False,p_not_available,没有可直接解读的p值；眼动结果注意AOI-expanded row粒度
06_models/model_results.csv,eye_tracking,TTFF_ms,C(WWR)[T.45],92.75850091925656,,,,,mixedlm_random_intercept,988.0,False,False,p_not_available,没有可直接解读的p值；WWR只有15/45/75三档，显著性只支持本实验三档内比较；眼动结果注意AOI-expanded row粒度
06_models/model_results.csv,eye_tracking,TTFF_ms,C(WWR)[T.75],-2482.6150654787425,,,,,mixedlm_random_intercept,988.0,False,False,p_not_available,没有可直接解读的p值；WWR只有15/45/75三档，显著性只支持本实验三档内比较；眼动结果注意AOI-expanded row粒度
06_models/model_results.csv,eye_tracking,TTFF_ms,C(Complexity)[T.1],1525.3992799978946,,,,,mixedlm_random_intercept,988.0,False,False,p_not_available,没有可直接解读的p值；眼动结果注意AOI-expanded row粒度
06_models/model_results.csv,eye_tracking,TTFF_ms,C(ExperienceGroup)[T.Low],-1.092653310465898e-12,,,,,mixedlm_random_intercept,988.0,False,False,p_not_available,没有可直接解读的p值；眼动结果注意AOI-expanded row粒度
06_models/model_results.csv,eye_tracking,TTFF_ms,C(Gender)[T.Male],-1.011922496010927e-12,209268792836.76172,1.0,-410159297048.2267,410159297048.2267,mixedlm_random_intercept,988.0,False,True,p>=0.05,未达到0.05显著性；眼动结果注意AOI-expanded row粒度；存在模型稳定性警告或异常标准误/CI
06_models/model_results.csv,eye_tracking,TTFF_ms,block,-1233.1048844428042,2179.534388931147,0.5715533515493839,-5504.913789814367,3038.704020928759,mixedlm_random_intercept,988.0,False,True,p>=0.05,未达到0.05显著性；眼动结果注意AOI-expanded row粒度；存在模型稳定性警告或异常标准误/CI
06_models/model_results.csv,eye_tracking,TTFF_ms,position,-296.2737900445558,,,,,mixedlm_random_intercept,988.0,False,False,p_not_available,没有可直接解读的p值；眼动结果注意AOI-expanded row粒度
06_models/model_results.csv,eye_tracking,TTFF_ms,Group Var,0.0,0.0,,0.0,0.0,mixedlm_random_intercept,988.0,False,False,p_not_available,没有可直接解读的p值；眼动结果注意AOI-expanded row粒度
06_models/model_results.csv,eye_tracking,attention_share,Intercept,0.2250305618365122,,,,,mixedlm_random_intercept,988.0,False,False,p_not_available,没有可直接解读的p值；眼动结果注意AOI-expanded row粒度
06_models/model_results.csv,eye_tracking,attention_share,C(WWR)[T.45],-0.0258658741493803,,,,,mixedlm_random_intercept,988.0,False,False,p_not_available,没有可直接解读的p值；WWR只有15/45/75三档，显著性只支持本实验三档内比较；眼动结果注意AOI-expanded row粒度
06_models/model_results.csv,eye_tracking,attention_share,C(WWR)[T.75],-0.0068350807702243,,,,,mixedlm_random_intercept,988.0,False,False,p_not_available,没有可直接解读的p值；WWR只有15/45/75三档，显著性只支持本实验三档内比较；眼动结果注意AOI-expanded row粒度
06_models/model_results.csv,eye_tracking,attention_share,C(Complexity)[T.1],-0.0584189772133229,,,,,mixedlm_random_intercept,988.0,False,False,p_not_available,没有可直接解读的p值；眼动结果注意AOI-expanded row粒度
06_models/model_results.csv,eye_tracking,attention_share,C(ExperienceGroup)[T.Low],-0.0198949392781961,0.0231106263652168,0.3893169309341231,-0.0651909346141829,0.0254010560577907,mixedlm_random_intercept,988.0,False,False,p>=0.05,未达到0.05显著性；眼动结果注意AOI-expanded row粒度
06_models/model_results.csv,eye_tracking,attention_share,C(Gender)[T.Male],-0.0113009781980277,0.0225742456736925,0.6166429705622767,-0.0555456866966243,0.0329437303005687,mixedlm_random_intercept,988.0,False,False,p>=0.05,未达到0.05显著性；眼动结果注意AOI-expanded row粒度
06_models/model_results.csv,eye_tracking,attention_share,block,-0.0002328876477781,0.0092614102595783,0.9799384896627666,-0.0183849182026015,0.0179191429070452,mixedlm_random_intercept,988.0,False,False,p>=0.05,未达到0.05显著性；眼动结果注意AOI-expanded row粒度
06_models/model_results.csv,eye_tracking,attention_share,position,0.0023193359375,,,,,mixedlm_random_intercept,988.0,False,False,p_not_available,没有可直接解读的p值；眼动结果注意AOI-expanded row粒度
06_models/model_results.csv,eye_tracking,attention_share,Group Var,0.2101301772545506,0.0576261078557443,0.0002658979439717,0.0971850812880709,0.3230752732210303,mixedlm_random_intercept,988.0,False,False,p<0.05,统计显著；眼动结果注意AOI-expanded row粒度
06_models/model_results.csv,eye_tracking,share_pct,Intercept,1.113228764953807e-15,,,,,mixedlm_random_intercept,988.0,False,False,p_not_available,没有可直接解读的p值；眼动结果注意AOI-expanded row粒度
06_models/model_results.csv,eye_tracking,share_pct,C(WWR)[T.45],-1.0790767681852085,,,,,mixedlm_random_intercept,988.0,False,False,p_not_available,没有可直接解读的p值；WWR只有15/45/75三档，显著性只支持本实验三档内比较；眼动结果注意AOI-expanded row粒度
06_models/model_results.csv,eye_tracking,share_pct,C(WWR)[T.75],2.318347787789774,,,,,mixedlm_random_intercept,988.0,False,False,p_not_available,没有可直接解读的p值；WWR只有15/45/75三档，显著性只支持本实验三档内比较；眼动结果注意AOI-expanded row粒度
06_models/model_results.csv,eye_tracking,share_pct,C(Complexity)[T.1],-1.577844750090866,,,,,mixedlm_random_intercept,988.0,False,False,p_not_available,没有可直接解读的p值；眼动结果注意AOI-expanded row粒度
06_models/model_results.csv,eye_tracking,share_pct,C(ExperienceGroup)[T.Low],5.363488028828315e-16,,,,,mixedlm_random_intercept,988.0,False,False,p_not_available,没有可直接解读的p值；眼动结果注意AOI-expanded row粒度
06_models/model_results.csv,eye_tracking,share_pct,C(Gender)[T.Male],4.716604148227361e-16,162050467.5318953,1.0,-317613080.04039216,317613080.04039216,mixedlm_random_intercept,988.0,False,True,p>=0.05,未达到0.05显著性；眼动结果注意AOI-expanded row粒度；存在模型稳定性警告或异常标准误/CI
06_models/model_results.csv,eye_tracking,share_pct,block,-0.1016760320210564,0.8766521885339705,0.9076666646897744,-1.819882748515856,1.6165306844737433,mixedlm_random_intercept,988.0,False,False,p>=0.05,未达到0.05显著性；眼动结果注意AOI-expanded row粒度
06_models/model_results.csv,eye_tracking,share_pct,position,-1.175915442878252,,,,,mixedlm_random_intercept,988.0,False,False,p_not_available,没有可直接解读的p值；眼动结果注意AOI-expanded row粒度
06_models/model_results.csv,eye_tracking,share_pct,Group Var,0.0,0.0,,0.0,0.0,mixedlm_random_intercept,988.0,False,False,p_not_available,没有可直接解读的p值；眼动结果注意AOI-expanded row粒度
06_models/model_results.csv,other,FFD_ms,Intercept,-1.0003173098917403e-14,,,,,mixedlm_random_intercept,988.0,False,False,p_not_available,没有可直接解读的p值
06_models/model_results.csv,other,FFD_ms,C(WWR)[T.45],-24.634414041140865,4.896845836689267e+18,1.0,-9.59764147775587e+18,9.59764147775587e+18,mixedlm_random_intercept,988.0,False,True,p>=0.05,未达到0.05显著性；WWR只有15/45/75三档，显著性只支持本实验三档内比较；存在模型稳定性警告或异常标准误/CI
06_models/model_results.csv,other,FFD_ms,C(WWR)[T.75],21.978098983231156,9.79369167337853e+18,1.0,-1.919528295551173e+19,1.919528295551173e+19,mixedlm_random_intercept,988.0,False,True,p>=0.05,未达到0.05显著性；WWR只有15/45/75三档，显著性只支持本实验三档内比较；存在模型稳定性警告或异常标准误/CI
06_models/model_results.csv,other,FFD_ms,C(Complexity)[T.1],-7.861315176958627,1.4690537510067786e+19,1.0,-2.879292443326758e+19,2.879292443326758e+19,mixedlm_random_intercept,988.0,False,True,p>=0.05,未达到0.05显著性；存在模型稳定性警告或异常标准误/CI
06_models/model_results.csv,other,FFD_ms,C(ExperienceGroup)[T.Low],-3.75620780824833e-15,412728203009.98615,1.0,-808932413303.5088,808932413303.5088,mixedlm_random_intercept,988.0,False,True,p>=0.05,未达到0.05显著性；存在模型稳定性警告或异常标准误/CI
06_models/model_results.csv,other,FFD_ms,C(Gender)[T.Male],-4.081676138072918e-15,352508526795.6914,1.0,-690904016762.8278,690904016762.8278,mixedlm_random_intercept,988.0,False,True,p>=0.05,未达到0.05显著性；存在模型稳定性警告或异常标准误/CI
06_models/model_results.csv,other,FFD_ms,block,-38.33201186552454,,,,,mixedlm_random_intercept,988.0,False,False,p_not_available,没有可直接解读的p值
06_models/model_results.csv,other,FFD_ms,position,-4.2621616055545255,4.896845836689262e+18,1.0,-9.59764147775586e+18,9.59764147775586e+18,mixedlm_random_intercept,988.0,False,True,p>=0.05,未达到0.05显著性；存在模型稳定性警告或异常标准误/CI
06_models/model_results.csv,other,FFD_ms,Group Var,0.0,0.0,,0.0,0.0,mixedlm_random_intercept,988.0,False,False,p_not_available,没有可直接解读的p值
06_models/model_results.csv,other,MFD_ms,Intercept,431.9125643417758,,,,,mixedlm_random_intercept,988.0,False,False,p_not_available,没有可直接解读的p值
06_models/model_results.csv,other,MFD_ms,C(WWR)[T.45],-84.3198137436579,,,,,mixedlm_random_intercept,988.0,False,False,p_not_available,没有可直接解读的p值；WWR只有15/45/75三档，显著性只支持本实验三档内比较
06_models/model_results.csv,other,MFD_ms,C(WWR)[T.75],-47.97495355588596,,,,,mixedlm_random_intercept,988.0,False,False,p_not_available,没有可直接解读的p值；WWR只有15/45/75三档，显著性只支持本实验三档内比较
06_models/model_results.csv,other,MFD_ms,C(Complexity)[T.1],-65.49862758642954,,,,,mixedlm_random_intercept,988.0,False,False,p_not_available,没有可直接解读的p值
06_models/model_results.csv,other,MFD_ms,C(ExperienceGroup)[T.Low],128.45846540856422,93.74261569287864,0.1705834235586572,-55.27368516605716,312.1906159831856,mixedlm_random_intercept,988.0,False,False,p>=0.05,未达到0.05显著性
06_models/model_results.csv,other,MFD_ms,C(Gender)[T.Male],-94.61846811519489,91.58461729749952,0.3015448414019469,-274.121019556178,84.88408332578828,mixedlm_random_intercept,988.0,False,False,p>=0.05,未达到0.05显著性
06_models/model_results.csv,other,MFD_ms,block,1.6974745527484445,38.44658126315028,0.9647836350788916,-73.65644005171856,77.05138915721545,mixedlm_random_intercept,988.0,False,False,p>=0.05,未达到0.05显著性
06_models/model_results.csv,other,MFD_ms,position,19.64583333333333,,,,,mixedlm_random_intercept,988.0,False,False,p_not_available,没有可直接解读的p值
06_models/model_results.csv,other,MFD_ms,Group Var,0.1986613257696248,0.0569851494323248,0.0004899442773803,0.0869724852286349,0.3103501663106147,mixedlm_random_intercept,988.0,False,False,p<0.05,统计显著
06_models/model_results.csv,other,RFF,Intercept,8.952977206111171,,,,,mixedlm_random_intercept,1130.0,False,False,p_not_available,没有可直接解读的p值
06_models/model_results.csv,other,RFF,C(WWR)[T.45],0.2020804918745765,,,,,mixedlm_random_intercept,1130.0,False,False,p_not_available,没有可直接解读的p值；WWR只有15/45/75三档，显著性只支持本实验三档内比较
06_models/model_results.csv,other,RFF,C(WWR)[T.75],0.7852815351762212,,,,,mixedlm_random_intercept,1130.0,False,False,p_not_available,没有可直接解读的p值；WWR只有15/45/75三档，显著性只支持本实验三档内比较
06_models/model_results.csv,other,RFF,C(Complexity)[T.1],-1.220590959768988,,,,,mixedlm_random_intercept,1130.0,False,False,p_not_available,没有可直接解读的p值
06_models/model_results.csv,other,RFF,C(ExperienceGroup)[T.Low],-0.2862482950829756,,,,,mixedlm_random_intercept,1130.0,False,False,p_not_available,没有可直接解读的p值
06_models/model_results.csv,other,RFF,C(Gender)[T.Male],-0.1174670517559188,,,,,mixedlm_random_intercept,1130.0,False,False,p_not_available,没有可直接解读的p值
06_models/model_results.csv,other,RFF,block,-0.5552181886399167,,,,,mixedlm_random_intercept,1130.0,False,False,p_not_available,没有可直接解读的p值
06_models/model_results.csv,other,RFF,position,0.4375,,,,,mixedlm_random_intercept,1130.0,False,False,p_not_available,没有可直接解读的p值
06_models/model_results.csv,other,RFF,Group Var,0.2920925036759818,-0.0,0.0,0.2920925036759818,0.2920925036759818,mixedlm_random_intercept,1130.0,False,False,p<0.05,统计显著
06_models/model_results.csv,other,MPD,Intercept,1.5508544579876933,349525.33333336527,0.9999964597621116,-685055.5141632952,685058.6158722112,mixedlm_random_intercept,988.0,False,True,p>=0.05,未达到0.05显著性；存在模型稳定性警告或异常标准误/CI
06_models/model_results.csv,other,MPD,C(WWR)[T.45],-0.0373473080977993,349525.3333333351,0.9999999147448334,-685057.1023650022,685057.0276703859,mixedlm_random_intercept,988.0,False,True,p>=0.05,未达到0.05显著性；WWR只有15/45/75三档，显著性只支持本实验三档内比较；存在模型稳定性警告或异常标准误/CI
06_models/model_results.csv,other,MPD,C(WWR)[T.75],-0.107158614541377,699050.6666666677,0.999999877690977,-1370114.2371939975,1370114.0228767686,mixedlm_random_intercept,988.0,False,True,p>=0.05,未达到0.05显著性；WWR只有15/45/75三档，显著性只支持本实验三档内比较；存在模型稳定性警告或异常标准误/CI
06_models/model_results.csv,other,MPD,C(Complexity)[T.1],-0.134708462731967,1048576.0,0.9999998974973654,-2055171.3297615345,2055171.060344609,mixedlm_random_intercept,988.0,False,True,p>=0.05,未达到0.05显著性；存在模型稳定性警告或异常标准误/CI
06_models/model_results.csv,other,MPD,C(ExperienceGroup)[T.Low],-0.3521802987980767,0.1673112038715658,0.0352963994167409,-0.6801042325963842,-0.0242563649997692,mixedlm_random_intercept,988.0,False,False,p<0.05,统计显著
06_models/model_results.csv,other,MPD,C(Gender)[T.Male],0.0662223824890206,0.1632740217430547,0.6850435535728809,-0.2537888197383764,0.3862335847164176,mixedlm_random_intercept,988.0,False,False,p>=0.05,未达到0.05显著性
06_models/model_results.csv,other,MPD,block,-0.0443838423418329,0.0265460198773475,0.0945325149380557,-0.0964130852343185,0.0076454005506526,mixedlm_random_intercept,988.0,False,False,p>=0.05,未达到0.05显著性
06_models/model_results.csv,other,MPD,position,0.0455729166666666,349525.3333333334,0.9999998959676936,-685057.019444774,685057.1105906073,mixedlm_random_intercept,988.0,False,True,p>=0.05,未达到0.05显著性；存在模型稳定性警告或异常标准误/CI
06_models/model_results.csv,other,MPD,Group Var,1.5786308521006762,0.3620720276452533,1.3006767819773638e-05,0.8689827181065888,2.288278986094764,mixedlm_random_intercept,988.0,False,False,p<0.05,统计显著
06_models/model_results.csv,eeg,eeg_F_theta,Intercept,5.21676945801744,0.9205525300902136,2.614661928583021e-08,3.4075990892002577,7.025939826834623,ols_fallback_after:LinAlgError,453.0,True,True,p<0.05,统计显著；EEG结果需结合QC和多模态证据；模型发生OLS fallback，需谨慎；存在模型稳定性警告或异常标准误/CI
06_models/model_results.csv,eeg,eeg_F_theta,C(WWR)[T.45],-0.2232935117152358,0.3248673624265047,0.4922281499494236,-0.8617583322293099,0.415171308798838,ols_fallback_after:LinAlgError,453.0,True,True,p>=0.05,未达到0.05显著性；WWR只有15/45/75三档，显著性只支持本实验三档内比较；EEG结果需结合QC和多模态证据；模型发生OLS fallback，需谨慎；存在模型稳定性警告或异常标准误/CI
06_models/model_results.csv,eeg,eeg_F_theta,C(WWR)[T.75],-0.5355555477327242,0.3006685067420083,0.0755591502835379,-1.1264621342159995,0.0553510387505511,ols_fallback_after:LinAlgError,453.0,True,True,p>=0.05,未达到0.05显著性；WWR只有15/45/75三档，显著性只支持本实验三档内比较；EEG结果需结合QC和多模态证据；模型发生OLS fallback，需谨慎；存在模型稳定性警告或异常标准误/CI
06_models/model_results.csv,eeg,eeg_F_theta,C(Complexity)[T.1],-1.17082090217869,0.2611932594441487,9.392616172462236e-06,-1.684146421445715,-0.6574953829116651,ols_fallback_after:LinAlgError,453.0,True,True,p<0.05,统计显著；EEG结果需结合QC和多模态证据；模型发生OLS fallback，需谨慎；存在模型稳定性警告或异常标准误/CI
06_models/model_results.csv,eeg,eeg_F_theta,C(ExperienceGroup)[T.Low],-0.9993631598004648,0.2994003503372444,0.0009150907827201,-1.5877774268174083,-0.410948892783521,ols_fallback_after:LinAlgError,453.0,True,True,p<0.05,统计显著；EEG结果需结合QC和多模态证据；模型发生OLS fallback，需谨慎；存在模型稳定性警告或异常标准误/CI
06_models/model_results.csv,eeg,eeg_F_theta,C(Gender)[T.Male],-1.550992323838854,0.2841218542391987,7.975515461246095e-08,-2.10937962170721,-0.9926050259704978,ols_fallback_after:LinAlgError,453.0,True,True,p<0.05,统计显著；EEG结果需结合QC和多模态证据；模型发生OLS fallback，需谨慎；存在模型稳定性警告或异常标准误/CI
06_models/model_results.csv,eeg,eeg_F_theta,Age,0.0844340366698244,0.0360264257850233,0.0195343121233706,0.013630970148169,0.1552371031914799,ols_fallback_after:LinAlgError,453.0,True,True,p<0.05,统计显著；EEG结果需结合QC和多模态证据；模型发生OLS fallback，需谨慎；存在模型稳定性警告或异常标准误/CI
06_models/model_results.csv,eeg,eeg_F_theta,block,-0.216966396118959,0.282778429624637,0.4433300113556772,-0.7727134492147908,0.3387806569768729,ols_fallback_after:LinAlgError,453.0,True,True,p>=0.05,未达到0.05显著性；EEG结果需结合QC和多模态证据；模型发生OLS fallback，需谨慎；存在模型稳定性警告或异常标准误/CI
06_models/model_results.csv,eeg,eeg_F_theta,position,0.4099021443006853,0.085301916373627,2.116052603831435e-06,0.2422575021297888,0.5775467864715818,ols_fallback_after:LinAlgError,453.0,True,True,p<0.05,统计显著；EEG结果需结合QC和多模态证据；模型发生OLS fallback，需谨慎；存在模型稳定性警告或异常标准误/CI
06_models/model_results.csv,eeg,eeg_F_alpha,Intercept,2.4658760971627904,1.1268030336609909,0.0291609261360942,0.2513597134068353,4.680392480918746,ols_fallback_after:LinAlgError,453.0,True,True,p<0.05,统计显著；EEG结果需结合QC和多模态证据；模型发生OLS fallback，需谨慎；存在模型稳定性警告或异常标准误/CI
06_models/model_results.csv,eeg,eeg_F_alpha,C(WWR)[T.45],0.1145598097029641,0.3976541452596479,0.7734126935780385,-0.6669535457277959,0.8960731651337243,ols_fallback_after:LinAlgError,453.0,True,True,p>=0.05,未达到0.05显著性；WWR只有15/45/75三档，显著性只支持本实验三档内比较；EEG结果需结合QC和多模态证据；模型发生OLS fallback，需谨慎；存在模型稳定性警告或异常标准误/CI
06_models/model_results.csv,eeg,eeg_F_alpha,C(WWR)[T.75],-0.1055984040287449,0.3680335173159683,0.7743024915505264,-0.8288980664547052,0.6177012583972155,ols_fallback_after:LinAlgError,453.0,True,True,p>=0.05,未达到0.05显著性；WWR只有15/45/75三档，显著性只支持本实验三档内比较；EEG结果需结合QC和多模态证据；模型发生OLS fallback，需谨慎；存在模型稳定性警告或异常标准误/CI
06_models/model_results.csv,eeg,eeg_F_alpha,C(Complexity)[T.1],-0.635541635857816,0.3197138104488468,0.04744115261136,-1.2638781331883946,-0.0072051385272372,ols_fallback_after:LinAlgError,453.0,True,True,p<0.05,统计显著；EEG结果需结合QC和多模态证据；模型发生OLS fallback，需谨慎；存在模型稳定性警告或异常标准误/CI
06_models/model_results.csv,eeg,eeg_F_alpha,C(ExperienceGroup)[T.Low],-1.021679288216148,0.366481229491715,0.0055338859615587,-1.7419282250792345,-0.3014303513530618,ols_fallback_after:LinAlgError,453.0,True,True,p<0.05,统计显著；EEG结果需结合QC和多模态证据；模型发生OLS fallback，需谨慎；存在模型稳定性警告或异常标准误/CI
06_models/model_results.csv,eeg,eeg_F_alpha,C(Gender)[T.Male],-2.0557509219290067,0.3477795745721762,6.771573580856268e-09,-2.739245324072648,-1.3722565197853656,ols_fallback_after:LinAlgError,453.0,True,True,p<0.05,统计显著；EEG结果需结合QC和多模态证据；模型发生OLS fallback，需谨慎；存在模型稳定性警告或异常标准误/CI
06_models/model_results.csv,eeg,eeg_F_alpha,Age,0.0111716897449471,0.0440981742373231,0.8001249669624495,-0.0754948583783671,0.0978382378682615,ols_fallback_after:LinAlgError,453.0,True,True,p>=0.05,未达到0.05显著性；EEG结果需结合QC和多模态证据；模型发生OLS fallback，需谨慎；存在模型稳定性警告或异常标准误/CI
06_models/model_results.csv,eeg,eeg_F_alpha,block,1.7654639005540358,0.3461351546377325,5.023314076516607e-07,1.0852012920582772,2.4457265090497944,ols_fallback_after:LinAlgError,453.0,True,True,p<0.05,统计显著；EEG结果需结合QC和多模态证据；模型发生OLS fallback，需谨慎；存在模型稳定性警告或异常标准误/CI
06_models/model_results.csv,eeg,eeg_F_alpha,position,0.4626141912348144,0.1044138764546978,1.1846069698126171e-05,0.2574086378302032,0.6678197446394257,ols_fallback_after:LinAlgError,453.0,True,True,p<0.05,统计显著；EEG结果需结合QC和多模态证据；模型发生OLS fallback，需谨慎；存在模型稳定性警告或异常标准误/CI
06_models/model_results.csv,eeg,eeg_F_beta,Intercept,6.980336183691055,,,,,mixedlm_random_intercept,453.0,False,False,p_not_available,没有可直接解读的p值；EEG结果需结合QC和多模态证据
06_models/model_results.csv,eeg,eeg_F_beta,C(WWR)[T.45],0.2097130540845087,,,,,mixedlm_random_intercept,453.0,False,False,p_not_available,没有可直接解读的p值；WWR只有15/45/75三档，显著性只支持本实验三档内比较；EEG结果需结合QC和多模态证据
06_models/model_results.csv,eeg,eeg_F_beta,C(WWR)[T.75],-0.7357827986052827,,,,,mixedlm_random_intercept,453.0,False,False,p_not_available,没有可直接解读的p值；WWR只有15/45/75三档，显著性只支持本实验三档内比较；EEG结果需结合QC和多模态证据
06_models/model_results.csv,eeg,eeg_F_beta,C(Complexity)[T.1],-0.5367957613421673,,,,,mixedlm_random_intercept,453.0,False,False,p_not_available,没有可直接解读的p值；EEG结果需结合QC和多模态证据
06_models/model_results.csv,eeg,eeg_F_beta,C(ExperienceGroup)[T.Low],1.2809174610057763,3.121998332245065,0.6815949265440417,-4.838086829988664,7.399921752000217,mixedlm_random_intercept,453.0,False,False,p>=0.05,未达到0.05显著性；EEG结果需结合QC和多模态证据
06_models/model_results.csv,eeg,eeg_F_beta,C(Gender)[T.Male],-6.517601434188193,2.949479794554533,0.0271227892889914,-12.298475604643674,-0.7367272637327114,mixedlm_random_intercept,453.0,False,False,p<0.05,统计显著；EEG结果需结合QC和多模态证据
06_models/model_results.csv,eeg,eeg_F_beta,Age,0.1189733844264048,0.3724027552022214,0.7493663170929599,-0.6109226035134353,0.8488693723662449,mixedlm_random_intercept,453.0,False,False,p>=0.05,未达到0.05显著性；EEG结果需结合QC和多模态证据
06_models/model_results.csv,eeg,eeg_F_beta,block,1.1690926044346812,0.5324932892820071,0.0281272681116284,0.1254249354326788,2.212760273436684,mixedlm_random_intercept,453.0,False,False,p<0.05,统计显著；EEG结果需结合QC和多模态证据
06_models/model_results.csv,eeg,eeg_F_beta,position,0.4791666666666667,,,,,mixedlm_random_intercept,453.0,False,False,p_not_available,没有可直接解读的p值；EEG结果需结合QC和多模态证据
06_models/model_results.csv,eeg,eeg_F_beta,Group Var,2.7664090674502684,0.6549532486804447,2.401886916142124e-05,1.4827242884790912,4.050093846421445,mixedlm_random_intercept,453.0,False,False,p<0.05,统计显著；EEG结果需结合QC和多模态证据
06_models/model_results.csv,eeg,eeg_P_theta,Intercept,1.0518292927998,0.0937451806038994,6.753737400690863e-26,0.8675910256458667,1.2360675599537334,ols_fallback_after:LinAlgError,453.0,True,True,p<0.05,统计显著；EEG结果需结合QC和多模态证据；模型发生OLS fallback，需谨慎；存在模型稳定性警告或异常标准误/CI
06_models/model_results.csv,eeg,eeg_P_theta,C(WWR)[T.45],-0.0502924167748874,0.0330831197215878,0.1291750116402035,-0.1153109767721778,0.014726143222403,ols_fallback_after:LinAlgError,453.0,True,True,p>=0.05,未达到0.05显著性；WWR只有15/45/75三档，显著性只支持本实验三档内比较；EEG结果需结合QC和多模态证据；模型发生OLS fallback，需谨慎；存在模型稳定性警告或异常标准误/CI
06_models/model_results.csv,eeg,eeg_P_theta,C(WWR)[T.75],-0.1020102635816565,0.0306188104916425,0.0009354102618365,-0.1621856939446361,-0.0418348332186769,ols_fallback_after:LinAlgError,453.0,True,True,p<0.05,统计显著；WWR只有15/45/75三档，显著性只支持本实验三档内比较；EEG结果需结合QC和多模态证据；模型发生OLS fallback，需谨慎；存在模型稳定性警告或异常标准误/CI
06_models/model_results.csv,eeg,eeg_P_theta,C(Complexity)[T.1],-0.2402878048802312,0.0265988180780007,5.083708965639517e-18,-0.2925627071148292,-0.1880129026456333,ols_fallback_after:LinAlgError,453.0,True,True,p<0.05,统计显著；EEG结果需结合QC和多模态证据；模型发生OLS fallback，需谨慎；存在模型稳定性警告或异常标准误/CI
06_models/model_results.csv,eeg,eeg_P_theta,C(ExperienceGroup)[T.Low],-0.1497170878435421,0.0304896668009648,1.278435103149294e-06,-0.2096387109213786,-0.0897954647657056,ols_fallback_after:LinAlgError,453.0,True,True,p<0.05,统计显著；EEG结果需结合QC和多模态证据；模型发生OLS fallback，需谨慎；存在模型稳定性警告或异常标准误/CI
06_models/model_results.csv,eeg,eeg_P_theta,C(Gender)[T.Male],-0.1782251942593986,0.028933769305439,1.6311682921279967e-09,-0.2350889976541517,-0.1213613908646455,ols_fallback_after:LinAlgError,453.0,True,True,p<0.05,统计显著；EEG结果需结合QC和多模态证据；模型发生OLS fallback，需谨慎；存在模型稳定性警告或异常标准误/CI
06_models/model_results.csv,eeg,eeg_P_theta,Age,-0.0139202131238345,0.0036687790010191,0.0001685823588141,-0.0211304982965145,-0.0067099279511545,ols_fallback_after:LinAlgError,453.0,True,True,p<0.05,统计显著；EEG结果需结合QC和多模态证据；模型发生OLS fallback，需谨慎；存在模型稳定性警告或异常标准误/CI
06_models/model_results.csv,eeg,eeg_P_theta,block,0.0049318716019555,0.0287969606182612,0.8640943358361526,-0.0516630604194121,0.0615268036233232,ols_fallback_after:LinAlgError,453.0,True,True,p>=0.05,未达到0.05显著性；EEG结果需结合QC和多模态证据；模型发生OLS fallback，需谨慎；存在模型稳定性警告或异常标准误/CI
06_models/model_results.csv,eeg,eeg_P_theta,position,0.076652934220906,0.0086867867882789,2.5361703522521005e-17,0.0595807121109449,0.0937251563308672,ols_fallback_after:LinAlgError,453.0,True,True,p<0.05,统计显著；EEG结果需结合QC和多模态证据；模型发生OLS fallback，需谨慎；存在模型稳定性警告或异常标准误/CI
06_models/model_results.csv,eeg,eeg_P_alpha,Intercept,1.4285647321980544,494303.4667931928,0.9999976940688858,-968815.5637832164,968818.4209126808,mixedlm_random_intercept,453.0,False,True,p>=0.05,未达到0.05显著性；EEG结果需结合QC和多模态证据；存在模型稳定性警告或异常标准误/CI
06_models/model_results.csv,eeg,eeg_P_alpha,C(WWR)[T.45],0.0303445002534713,494303.46679297846,0.9999999510191412,-968816.962003028,968817.0226920284,mixedlm_random_intercept,453.0,False,True,p>=0.05,未达到0.05显著性；WWR只有15/45/75三档，显著性只支持本实验三档内比较；EEG结果需结合QC和多模态证据；存在模型稳定性警告或异常标准误/CI
06_models/model_results.csv,eeg,eeg_P_alpha,C(WWR)[T.75],0.0701003560750117,988606.9335859548,0.9999999434234276,-1937633.9145946964,1937634.0547954089,mixedlm_random_intercept,453.0,False,True,p>=0.05,未达到0.05显著性；WWR只有15/45/75三档，显著性只支持本实验三档内比较；EEG结果需结合QC和多模态证据；存在模型稳定性警告或异常标准误/CI
06_models/model_results.csv,eeg,eeg_P_alpha,C(Complexity)[T.1],0.0127646215741666,1482910.4003789304,0.9999999931319556,-2906450.964277954,2906450.989807197,mixedlm_random_intercept,453.0,False,True,p>=0.05,未达到0.05显著性；EEG结果需结合QC和多模态证据；存在模型稳定性警告或异常标准误/CI
06_models/model_results.csv,eeg,eeg_P_alpha,C(ExperienceGroup)[T.Low],0.1581960964807775,0.1657113893239094,0.3397555817735685,-0.1665922584221802,0.4829844513837352,mixedlm_random_intercept,453.0,False,False,p>=0.05,未达到0.05显著性；EEG结果需结合QC和多模态证据
06_models/model_results.csv,eeg,eeg_P_alpha,C(Gender)[T.Male],-0.2926573482307156,0.156563919119233,0.0615878255690663,-0.5995169909828544,0.0142022945214231,mixedlm_random_intercept,453.0,False,False,p>=0.05,未达到0.05显著性；EEG结果需结合QC和多模态证据
06_models/model_results.csv,eeg,eeg_P_alpha,Age,-0.0462083026920753,0.019768436297673,0.0194142969172575,-0.0849537258661889,-0.0074628795179617,mixedlm_random_intercept,453.0,False,False,p<0.05,统计显著；EEG结果需结合QC和多模态证据
06_models/model_results.csv,eeg,eeg_P_alpha,block,0.2506520696666056,0.0338993928193143,1.4247770331426573e-13,0.1842104806429737,0.3170936586902375,mixedlm_random_intercept,453.0,False,False,p<0.05,统计显著；EEG结果需结合QC和多模态证据
06_models/model_results.csv,eeg,eeg_P_alpha,position,0.02734375,494303.4667929768,0.9999999558628304,-968816.9650037752,968817.0196912752,mixedlm_random_intercept,453.0,False,True,p>=0.05,未达到0.05显著性；EEG结果需结合QC和多模态证据；存在模型稳定性警告或异常标准误/CI
06_models/model_results.csv,eeg,eeg_P_alpha,Group Var,1.8939972410022123,0.4544587964706358,3.078390483374877e-05,1.0032743674623474,2.784720114542077,mixedlm_random_intercept,453.0,False,False,p<0.05,统计显著；EEG结果需结合QC和多模态证据
06_models/model_results.csv,eeg,eeg_P_beta,Intercept,2.0526211682722795,1082964.63606296,0.9999984877117084,-2122569.6305927606,2122573.735835097,mixedlm_random_intercept,453.0,False,True,p>=0.05,未达到0.05显著性；EEG结果需结合QC和多模态证据；存在模型稳定性警告或异常标准误/CI
06_models/model_results.csv,eeg,eeg_P_beta,C(WWR)[T.45],0.0418572760760881,1082964.636062082,0.9999999691612512,-2122571.6413549315,2122571.725069484,mixedlm_random_intercept,453.0,False,True,p>=0.05,未达到0.05显著性；WWR只有15/45/75三档，显著性只支持本实验三档内比较；EEG结果需结合QC和多模态证据；存在模型稳定性警告或异常标准误/CI
06_models/model_results.csv,eeg,eeg_P_beta,C(WWR)[T.75],0.0087697490749497,2165929.272124156,0.9999999967694018,-4245143.357654651,4245143.375194148,mixedlm_random_intercept,453.0,False,True,p>=0.05,未达到0.05显著性；WWR只有15/45/75三档，显著性只支持本实验三档内比较；EEG结果需结合QC和多模态证据；存在模型稳定性警告或异常标准误/CI
06_models/model_results.csv,eeg,eeg_P_beta,C(Complexity)[T.1],-0.0659834833624644,3248893.908186232,0.9999999837953456,-6367715.115620079,6367714.983653111,mixedlm_random_intercept,453.0,False,True,p>=0.05,未达到0.05显著性；EEG结果需结合QC和多模态证据；存在模型稳定性警告或异常标准误/CI
06_models/model_results.csv,eeg,eeg_P_beta,C(ExperienceGroup)[T.Low],0.5332459304763276,0.5045442089915034,0.2905634199222762,-0.4556425477552692,1.5221344087079245,mixedlm_random_intercept,453.0,False,False,p>=0.05,未达到0.05显著性；EEG结果需结合QC和多模态证据
06_models/model_results.csv,eeg,eeg_P_beta,C(Gender)[T.Male],-0.4532540585446882,0.4766680748724309,0.341665381318272,-1.3875063178746947,0.4809982007853182,mixedlm_random_intercept,453.0,False,False,p>=0.05,未达到0.05显著性；EEG结果需结合QC和多模态证据
06_models/model_results.csv,eeg,eeg_P_beta,Age,-0.042700268080769,0.0601846558592162,0.4780219330492355,-0.1606600259867704,0.0752594898252324,mixedlm_random_intercept,453.0,False,False,p>=0.05,未达到0.05显著性；EEG结果需结合QC和多模态证据
06_models/model_results.csv,eeg,eeg_P_beta,block,0.1942094465790163,0.0890702791606078,0.0292273170276109,0.0196349073312965,0.3687839858267361,mixedlm_random_intercept,453.0,False,False,p<0.05,统计显著；EEG结果需结合QC和多模态证据
06_models/model_results.csv,eeg,eeg_P_beta,position,0.01953125,1082964.636062077,0.9999999856101648,-2122571.663680948,2122571.702743448,mixedlm_random_intercept,453.0,False,True,p>=0.05,未达到0.05显著性；EEG结果需结合QC和多模态证据；存在模型稳定性警告或异常标准误/CI
06_models/model_results.csv,eeg,eeg_P_beta,Group Var,2.5759760221426675,0.6104802394924471,2.447475243691442e-05,1.3794567394640844,3.7724953048212506,mixedlm_random_intercept,453.0,False,False,p<0.05,统计显著；EEG结果需结合QC和多模态证据
06_models/model_results.csv,eeg,eeg_O_theta,Intercept,1.4676582450201567,285386.239615063,0.9999958967122738,-559345.2836705965,559348.2189870866,mixedlm_random_intercept,453.0,False,True,p>=0.05,未达到0.05显著性；EEG结果需结合QC和多模态证据；存在模型稳定性警告或异常标准误/CI
06_models/model_results.csv,eeg,eeg_O_theta,C(WWR)[T.45],0.0041062792021451,285386.2396142936,0.99999998851964,-559346.7472210543,559346.7554336127,mixedlm_random_intercept,453.0,False,True,p>=0.05,未达到0.05显著性；WWR只有15/45/75三档，显著性只支持本实验三档内比较；EEG结果需结合QC和多模态证据；存在模型稳定性警告或异常标准误/CI
06_models/model_results.csv,eeg,eeg_O_theta,C(WWR)[T.75],0.054679830492433,570772.4792285825,0.9999999235629008,-1118693.4479748271,1118693.5573344885,mixedlm_random_intercept,453.0,False,True,p>=0.05,未达到0.05显著性；WWR只有15/45/75三档，显著性只支持本实验三档内比较；EEG结果需结合QC和多模态证据；存在模型稳定性警告或异常标准误/CI
06_models/model_results.csv,eeg,eeg_O_theta,C(Complexity)[T.1],0.011078365772686,856158.7188428715,0.9999999896756796,-1678040.2429036165,1678040.2650603482,mixedlm_random_intercept,453.0,False,True,p>=0.05,未达到0.05显著性；EEG结果需结合QC和多模态证据；存在模型稳定性警告或异常标准误/CI
06_models/model_results.csv,eeg,eeg_O_theta,C(ExperienceGroup)[T.Low],0.1806158188764097,0.2453685988324893,0.4616698594624514,-0.3002977977723262,0.6615294355251455,mixedlm_random_intercept,453.0,False,False,p>=0.05,未达到0.05显著性；EEG结果需结合QC和多模态证据
06_models/model_results.csv,eeg,eeg_O_theta,C(Gender)[T.Male],-0.1933462853818145,0.2317982969723016,0.4042165505378731,-0.6476625991252457,0.2609700283616165,mixedlm_random_intercept,453.0,False,False,p>=0.05,未达到0.05显著性；EEG结果需结合QC和多模态证据
06_models/model_results.csv,eeg,eeg_O_theta,Age,0.0050814205408189,0.0292662593241635,0.8621584036978674,-0.0522793936967511,0.062442234778389,mixedlm_random_intercept,453.0,False,False,p>=0.05,未达到0.05显著性；EEG结果需结合QC和多模态证据
06_models/model_results.csv,eeg,eeg_O_theta,block,-0.0011457723864558,0.0334635213503934,0.9726862127011472,-0.0667330690291141,0.0644415242562025,mixedlm_random_intercept,453.0,False,False,p>=0.05,未达到0.05显著性；EEG结果需结合QC和多模态证据
06_models/model_results.csv,eeg,eeg_O_theta,position,0.00457763671875,285386.23961429053,0.9999999872018158,-559346.7467496907,559346.7559049642,mixedlm_random_intercept,453.0,False,True,p>=0.05,未达到0.05显著性；EEG结果需结合QC和多模态证据；存在模型稳定性警告或异常标准误/CI
06_models/model_results.csv,eeg,eeg_O_theta,Group Var,4.380833254511956,1.023424342694876,1.8642038307967325e-05,2.37495840192842,6.38670810709549,mixedlm_random_intercept,453.0,False,False,p<0.05,统计显著；EEG结果需结合QC和多模态证据
06_models/model_results.csv,eeg,eeg_O_alpha,Intercept,1.1095964850377669,0.5921739850823885,0.0616175522488991,-0.0542085037882964,2.27340147386383,ols_fallback_after:LinAlgError,453.0,True,True,p>=0.05,未达到0.05显著性；EEG结果需结合QC和多模态证据；模型发生OLS fallback，需谨慎；存在模型稳定性警告或异常标准误/CI
06_models/model_results.csv,eeg,eeg_O_alpha,C(WWR)[T.45],0.0104827491800528,0.208981013405563,0.960016396104659,-0.4002295618943398,0.4211950602544456,ols_fallback_after:LinAlgError,453.0,True,True,p>=0.05,未达到0.05显著性；WWR只有15/45/75三档，显著性只支持本实验三档内比较；EEG结果需结合QC和多模态证据；模型发生OLS fallback，需谨慎；存在模型稳定性警告或异常标准误/CI
06_models/model_results.csv,eeg,eeg_O_alpha,C(WWR)[T.75],-0.008555428091485,0.1934143484552016,0.9647379783256526,-0.3886744291168152,0.371563572933845,ols_fallback_after:LinAlgError,453.0,True,True,p>=0.05,未达到0.05显著性；WWR只有15/45/75三档，显著性只支持本实验三档内比较；EEG结果需结合QC和多模态证据；模型发生OLS fallback，需谨慎；存在模型稳定性警告或异常标准误/CI
06_models/model_results.csv,eeg,eeg_O_alpha,C(Complexity)[T.1],-0.3041700937469312,0.1680206704842166,0.0709215480485563,-0.6343826654934352,0.0260424779995728,ols_fallback_after:LinAlgError,453.0,True,True,p>=0.05,未达到0.05显著性；EEG结果需结合QC和多模态证据；模型发生OLS fallback，需谨慎；存在模型稳定性警告或异常标准误/CI
06_models/model_results.csv,eeg,eeg_O_alpha,C(ExperienceGroup)[T.Low],-0.114623116032262,0.1925985674895644,0.5520523883174504,-0.4931388552096981,0.263892623145174,ols_fallback_after:LinAlgError,453.0,True,True,p>=0.05,未达到0.05显著性；EEG结果需结合QC和多模态证据；模型发生OLS fallback，需谨慎；存在模型稳定性警告或异常标准误/CI
06_models/model_results.csv,eeg,eeg_O_alpha,C(Gender)[T.Male],-0.0854160682925426,0.1827702006938544,0.6404844490349089,-0.444616027653565,0.2737838910684797,ols_fallback_after:LinAlgError,453.0,True,True,p>=0.05,未达到0.05显著性；EEG结果需结合QC和多模态证据；模型发生OLS fallback，需谨慎；存在模型稳定性警告或异常标准误/CI
06_models/model_results.csv,eeg,eeg_O_alpha,Age,-0.0271756811841971,0.0231751164958522,0.2415742454065983,-0.072721951155421,0.0183705887870268,ols_fallback_after:LinAlgError,453.0,True,True,p>=0.05,未达到0.05显著性；EEG结果需结合QC和多模态证据；模型发生OLS fallback，需谨慎；存在模型稳定性警告或异常标准误/CI
06_models/model_results.csv,eeg,eeg_O_alpha,block,0.6250789096155744,0.1819060011162542,0.0006451465749348,0.2675773696466375,0.9825804495845114,ols_fallback_after:LinAlgError,453.0,True,True,p<0.05,统计显著；EEG结果需结合QC和多模态证据；模型发生OLS fallback，需谨慎；存在模型稳定性警告或异常标准误/CI
06_models/model_results.csv,eeg,eeg_O_alpha,position,0.1904580967940573,0.0548731051221868,0.0005693762539931,0.0826154777288293,0.2983007158592854,ols_fallback_after:LinAlgError,453.0,True,True,p<0.05,统计显著；EEG结果需结合QC和多模态证据；模型发生OLS fallback，需谨慎；存在模型稳定性警告或异常标准误/CI
06_models/model_results.csv,eeg,eeg_O_beta,Intercept,5.318128267556523,1.4819086443728409,0.0003692488986287,2.405719555333828,8.230536979779218,ols_fallback_after:LinAlgError,453.0,True,True,p<0.05,统计显著；EEG结果需结合QC和多模态证据；模型发生OLS fallback，需谨慎；存在模型稳定性警告或异常标准误/CI
06_models/model_results.csv,eeg,eeg_O_beta,C(WWR)[T.45],-0.1578289770873637,0.5229726027772286,0.7629515727389377,-1.1856318516881632,0.8699738975134357,ols_fallback_after:LinAlgError,453.0,True,True,p>=0.05,未达到0.05显著性；WWR只有15/45/75三档，显著性只支持本实验三档内比较；EEG结果需结合QC和多模态证据；模型发生OLS fallback，需谨慎；存在模型稳定性警告或异常标准误/CI
06_models/model_results.csv,eeg,eeg_O_beta,C(WWR)[T.75],-0.7552564899972534,0.4840172012649739,0.1193781727226769,-1.7064999550938058,0.1959869750992992,ols_fallback_after:LinAlgError,453.0,True,True,p>=0.05,未达到0.05显著性；WWR只有15/45/75三档，显著性只支持本实验三档内比较；EEG结果需结合QC和多模态证据；模型发生OLS fallback，需谨慎；存在模型稳定性警告或异常标准误/CI
06_models/model_results.csv,eeg,eeg_O_beta,C(Complexity)[T.1],-1.099543210112371,0.4204698117382502,0.0092247681042895,-1.925896405083692,-0.2731900151410498,ols_fallback_after:LinAlgError,453.0,True,True,p<0.05,统计显著；EEG结果需结合QC和多模态证据；模型发生OLS fallback，需谨慎；存在模型稳定性警告或异常标准误/CI
06_models/model_results.csv,eeg,eeg_O_beta,C(ExperienceGroup)[T.Low],2.1688976197698726,0.4819757187018308,8.685345088354782e-06,1.2216662991636875,3.1161289403760577,ols_fallback_after:LinAlgError,453.0,True,True,p<0.05,统计显著；EEG结果需结合QC和多模态证据；模型发生OLS fallback，需谨慎；存在模型稳定性警告或异常标准误/CI
06_models/model_results.csv,eeg,eeg_O_beta,C(Gender)[T.Male],-0.1985167952113543,0.4573803428806468,0.6644769999373954,-1.0974105971088046,0.7003770066860959,ols_fallback_after:LinAlgError,453.0,True,True,p>=0.05,未达到0.05显著性；EEG结果需结合QC和多模态证据；模型发生OLS fallback，需谨慎；存在模型稳定性警告或异常标准误/CI
06_models/model_results.csv,eeg,eeg_O_beta,Age,-0.1522317338317585,0.0579954647362174,0.0089660090018243,-0.2662107550140305,-0.0382527126494866,ols_fallback_after:LinAlgError,453.0,True,True,p<0.05,统计显著；EEG结果需结合QC和多模态证据；模型发生OLS fallback，需谨慎；存在模型稳定性警告或异常标准误/CI
06_models/model_results.csv,eeg,eeg_O_beta,block,0.228330861459488,0.4552176932932441,0.616206760904618,-0.6663126652784553,1.1229743881974317,ols_fallback_after:LinAlgError,453.0,True,True,p>=0.05,未达到0.05显著性；EEG结果需结合QC和多模态证据；模型发生OLS fallback，需谨慎；存在模型稳定性警告或异常标准误/CI
06_models/model_results.csv,eeg,eeg_O_beta,position,0.3511566801375496,0.137319319782065,0.0108816370341994,0.0812817557902158,0.6210316044848834,ols_fallback_after:LinAlgError,453.0,True,True,p<0.05,统计显著；EEG结果需结合QC和多模态证据；模型发生OLS fallback，需谨慎；存在模型稳定性警告或异常标准误/CI
06_models/emmeans_contrasts.csv,questionnaire,q_S1,mean_WWR_15,5.592,,,,,planned_or_descriptive_contrast,,False,False,p_not_available,没有可直接解读的p值；WWR只有15/45/75三档，显著性只支持本实验三档内比较
06_models/emmeans_contrasts.csv,questionnaire,q_S1,mean_WWR_45,5.25,,,,,planned_or_descriptive_contrast,,False,False,p_not_available,没有可直接解读的p值；WWR只有15/45/75三档，显著性只支持本实验三档内比较
06_models/emmeans_contrasts.csv,questionnaire,q_S1,mean_WWR_75,5.368146214099217,,,,,planned_or_descriptive_contrast,,False,False,p_not_available,没有可直接解读的p值；WWR只有15/45/75三档，显著性只支持本实验三档内比较
06_models/emmeans_contrasts.csv,questionnaire,q_S1,WWR45_minus_mean_WWR15_WWR75,-0.2300731070496082,,,,,planned_or_descriptive_contrast,,False,False,p_not_available,没有可直接解读的p值；WWR只有15/45/75三档，显著性只支持本实验三档内比较
06_models/emmeans_contrasts.csv,questionnaire,q_S2,mean_WWR_15,5.768,,,,,planned_or_descriptive_contrast,,False,False,p_not_available,没有可直接解读的p值；WWR只有15/45/75三档，显著性只支持本实验三档内比较
06_models/emmeans_contrasts.csv,questionnaire,q_S2,mean_WWR_45,5.336021505376344,,,,,planned_or_descriptive_contrast,,False,False,p_not_available,没有可直接解读的p值；WWR只有15/45/75三档，显著性只支持本实验三档内比较
06_models/emmeans_contrasts.csv,questionnaire,q_S2,mean_WWR_75,5.386422976501305,,,,,planned_or_descriptive_contrast,,False,False,p_not_available,没有可直接解读的p值；WWR只有15/45/75三档，显著性只支持本实验三档内比较
06_models/emmeans_contrasts.csv,questionnaire,q_S2,WWR45_minus_mean_WWR15_WWR75,-0.2411899828743084,,,,,planned_or_descriptive_contrast,,False,False,p_not_available,没有可直接解读的p值；WWR只有15/45/75三档，显著性只支持本实验三档内比较
06_models/emmeans_contrasts.csv,questionnaire,q_S3,mean_WWR_15,5.338666666666667,,,,,planned_or_descriptive_contrast,,False,False,p_not_available,没有可直接解读的p值；WWR只有15/45/75三档，显著性只支持本实验三档内比较
06_models/emmeans_contrasts.csv,questionnaire,q_S3,mean_WWR_45,5.397849462365591,,,,,planned_or_descriptive_contrast,,False,False,p_not_available,没有可直接解读的p值；WWR只有15/45/75三档，显著性只支持本实验三档内比较
06_models/emmeans_contrasts.csv,questionnaire,q_S3,mean_WWR_75,5.049608355091384,,,,,planned_or_descriptive_contrast,,False,False,p_not_available,没有可直接解读的p值；WWR只有15/45/75三档，显著性只支持本实验三档内比较
06_models/emmeans_contrasts.csv,questionnaire,q_S3,WWR45_minus_mean_WWR15_WWR75,0.2037119514865653,,,,,planned_or_descriptive_contrast,,False,False,p_not_available,没有可直接解读的p值；WWR只有15/45/75三档，显著性只支持本实验三档内比较
06_models/emmeans_contrasts.csv,questionnaire,q_S4,mean_WWR_15,5.509333333333333,,,,,planned_or_descriptive_contrast,,False,False,p_not_available,没有可直接解读的p值；WWR只有15/45/75三档，显著性只支持本实验三档内比较
06_models/emmeans_contrasts.csv,questionnaire,q_S4,mean_WWR_45,5.029569892473118,,,,,planned_or_descriptive_contrast,,False,False,p_not_available,没有可直接解读的p值；WWR只有15/45/75三档，显著性只支持本实验三档内比较
06_models/emmeans_contrasts.csv,questionnaire,q_S4,mean_WWR_75,5.308093994778068,,,,,planned_or_descriptive_contrast,,False,False,p_not_available,没有可直接解读的p值；WWR只有15/45/75三档，显著性只支持本实验三档内比较
06_models/emmeans_contrasts.csv,questionnaire,q_S4,WWR45_minus_mean_WWR15_WWR75,-0.3791437715825827,,,,,planned_or_descriptive_contrast,,False,False,p_not_available,没有可直接解读的p值；WWR只有15/45/75三档，显著性只支持本实验三档内比较
06_models/emmeans_contrasts.csv,questionnaire,q_S5,mean_WWR_15,6.8053333333333335,,,,,planned_or_descriptive_contrast,,False,False,p_not_available,没有可直接解读的p值；WWR只有15/45/75三档，显著性只支持本实验三档内比较
06_models/emmeans_contrasts.csv,questionnaire,q_S5,mean_WWR_45,6.255376344086022,,,,,planned_or_descriptive_contrast,,False,False,p_not_available,没有可直接解读的p值；WWR只有15/45/75三档，显著性只支持本实验三档内比较
06_models/emmeans_contrasts.csv,questionnaire,q_S5,mean_WWR_75,6.496083550913838,,,,,planned_or_descriptive_contrast,,False,False,p_not_available,没有可直接解读的p值；WWR只有15/45/75三档，显著性只支持本实验三档内比较
06_models/emmeans_contrasts.csv,questionnaire,q_S5,WWR45_minus_mean_WWR15_WWR75,-0.3953320980375636,,,,,planned_or_descriptive_contrast,,False,False,p_not_available,没有可直接解读的p值；WWR只有15/45/75三档，显著性只支持本实验三档内比较
06_models/emmeans_contrasts.csv,eye_tracking,visited,mean_WWR_15,0.7626666666666667,,,,,planned_or_descriptive_contrast,,False,False,p_not_available,没有可直接解读的p值；WWR只有15/45/75三档，显著性只支持本实验三档内比较；眼动结果注意AOI-expanded row粒度
06_models/emmeans_contrasts.csv,eye_tracking,visited,mean_WWR_45,0.9112903225806452,,,,,planned_or_descriptive_contrast,,False,False,p_not_available,没有可直接解读的p值；WWR只有15/45/75三档，显著性只支持本实验三档内比较；眼动结果注意AOI-expanded row粒度
06_models/emmeans_contrasts.csv,eye_tracking,visited,mean_WWR_75,0.9477806788511748,,,,,planned_or_descriptive_contrast,,False,False,p_not_available,没有可直接解读的p值；WWR只有15/45/75三档，显著性只支持本实验三档内比较；眼动结果注意AOI-expanded row粒度
06_models/emmeans_contrasts.csv,eye_tracking,visited,WWR45_minus_mean_WWR15_WWR75,0.0560666498217242,,,,,planned_or_descriptive_contrast,,False,False,p_not_available,没有可直接解读的p值；WWR只有15/45/75三档，显著性只支持本实验三档内比较；眼动结果注意AOI-expanded row粒度
06_models/emmeans_contrasts.csv,eye_tracking,FCR,mean_WWR_15,0.266367082985174,,,,,planned_or_descriptive_contrast,,False,False,p_not_available,没有可直接解读的p值；WWR只有15/45/75三档，显著性只支持本实验三档内比较；眼动结果注意AOI-expanded row粒度
06_models/emmeans_contrasts.csv,eye_tracking,FCR,mean_WWR_45,0.2890741020346272,,,,,planned_or_descriptive_contrast,,False,False,p_not_available,没有可直接解读的p值；WWR只有15/45/75三档，显著性只支持本实验三档内比较；眼动结果注意AOI-expanded row粒度
06_models/emmeans_contrasts.csv,eye_tracking,FCR,mean_WWR_75,0.3357870617005065,,,,,planned_or_descriptive_contrast,,False,False,p_not_available,没有可直接解读的p值；WWR只有15/45/75三档，显著性只支持本实验三档内比较；眼动结果注意AOI-expanded row粒度
06_models/emmeans_contrasts.csv,eye_tracking,FCR,WWR45_minus_mean_WWR15_WWR75,-0.012002970308213,,,,,planned_or_descriptive_contrast,,False,False,p_not_available,没有可直接解读的p值；WWR只有15/45/75三档，显著性只支持本实验三档内比较；眼动结果注意AOI-expanded row粒度
06_models/emmeans_contrasts.csv,other,FC,mean_WWR_15,16.330666666666666,,,,,planned_or_descriptive_contrast,,False,False,p_not_available,没有可直接解读的p值；WWR只有15/45/75三档，显著性只支持本实验三档内比较
06_models/emmeans_contrasts.csv,other,FC,mean_WWR_45,17.634408602150536,,,,,planned_or_descriptive_contrast,,False,False,p_not_available,没有可直接解读的p值；WWR只有15/45/75三档，显著性只支持本实验三档内比较
06_models/emmeans_contrasts.csv,other,FC,mean_WWR_75,20.4621409921671,,,,,planned_or_descriptive_contrast,,False,False,p_not_available,没有可直接解读的p值；WWR只有15/45/75三档，显著性只支持本实验三档内比较
06_models/emmeans_contrasts.csv,other,FC,WWR45_minus_mean_WWR15_WWR75,-0.7619952272663468,,,,,planned_or_descriptive_contrast,,False,False,p_not_available,没有可直接解读的p值；WWR只有15/45/75三档，显著性只支持本实验三档内比较
06_models/emmeans_contrasts.csv,other,FC_share,mean_WWR_15,0.127741466269244,,,,,planned_or_descriptive_contrast,,False,False,p_not_available,没有可直接解读的p值；WWR只有15/45/75三档，显著性只支持本实验三档内比较
06_models/emmeans_contrasts.csv,other,FC_share,mean_WWR_45,0.137779411523911,,,,,planned_or_descriptive_contrast,,False,False,p_not_available,没有可直接解读的p值；WWR只有15/45/75三档，显著性只支持本实验三档内比较
06_models/emmeans_contrasts.csv,other,FC_share,mean_WWR_75,0.1632633898586364,,,,,planned_or_descriptive_contrast,,False,False,p_not_available,没有可直接解读的p值；WWR只有15/45/75三档，显著性只支持本实验三档内比较
06_models/emmeans_contrasts.csv,other,FC_share,WWR45_minus_mean_WWR15_WWR75,-0.0077230165400292,,,,,planned_or_descriptive_contrast,,False,False,p_not_available,没有可直接解读的p值；WWR只有15/45/75三档，显著性只支持本实验三档内比较
06_models/emmeans_contrasts.csv,eye_tracking,FC_rate,mean_WWR_15,0.266367082985174,,,,,planned_or_descriptive_contrast,,False,False,p_not_available,没有可直接解读的p值；WWR只有15/45/75三档，显著性只支持本实验三档内比较；眼动结果注意AOI-expanded row粒度
06_models/emmeans_contrasts.csv,eye_tracking,FC_rate,mean_WWR_45,0.2890741020346272,,,,,planned_or_descriptive_contrast,,False,False,p_not_available,没有可直接解读的p值；WWR只有15/45/75三档，显著性只支持本实验三档内比较；眼动结果注意AOI-expanded row粒度
06_models/emmeans_contrasts.csv,eye_tracking,FC_rate,mean_WWR_75,0.3357870617005065,,,,,planned_or_descriptive_contrast,,False,False,p_not_available,没有可直接解读的p值；WWR只有15/45/75三档，显著性只支持本实验三档内比较；眼动结果注意AOI-expanded row粒度
06_models/emmeans_contrasts.csv,eye_tracking,FC_rate,WWR45_minus_mean_WWR15_WWR75,-0.012002970308213,,,,,planned_or_descriptive_contrast,,False,False,p_not_available,没有可直接解读的p值；WWR只有15/45/75三档，显著性只支持本实验三档内比较；眼动结果注意AOI-expanded row粒度
06_models/emmeans_contrasts.csv,eye_tracking,TFD_ms,mean_WWR_15,9057.97902097902,,,,,planned_or_descriptive_contrast,,False,False,p_not_available,没有可直接解读的p值；WWR只有15/45/75三档，显著性只支持本实验三档内比较；眼动结果注意AOI-expanded row粒度
06_models/emmeans_contrasts.csv,eye_tracking,TFD_ms,mean_WWR_45,7445.103244837758,,,,,planned_or_descriptive_contrast,,False,False,p_not_available,没有可直接解读的p值；WWR只有15/45/75三档，显著性只支持本实验三档内比较；眼动结果注意AOI-expanded row粒度
06_models/emmeans_contrasts.csv,eye_tracking,TFD_ms,mean_WWR_75,8159.137741046832,,,,,planned_or_descriptive_contrast,,False,False,p_not_available,没有可直接解读的p值；WWR只有15/45/75三档，显著性只支持本实验三档内比较；眼动结果注意AOI-expanded row粒度
06_models/emmeans_contrasts.csv,eye_tracking,TFD_ms,WWR45_minus_mean_WWR15_WWR75,-1163.4551361751685,,,,,planned_or_descriptive_contrast,,False,False,p_not_available,没有可直接解读的p值；WWR只有15/45/75三档，显著性只支持本实验三档内比较；眼动结果注意AOI-expanded row粒度
06_models/emmeans_contrasts.csv,eye_tracking,TTFF_ms,mean_WWR_15,7759.370629370629,,,,,planned_or_descriptive_contrast,,False,False,p_not_available,没有可直接解读的p值；WWR只有15/45/75三档，显著性只支持本实验三档内比较；眼动结果注意AOI-expanded row粒度
06_models/emmeans_contrasts.csv,eye_tracking,TTFF_ms,mean_WWR_45,8018.380530973452,,,,,planned_or_descriptive_contrast,,False,False,p_not_available,没有可直接解读的p值；WWR只有15/45/75三档，显著性只支持本实验三档内比较；眼动结果注意AOI-expanded row粒度
06_models/emmeans_contrasts.csv,eye_tracking,TTFF_ms,mean_WWR_75,5335.980716253444,,,,,planned_or_descriptive_contrast,,False,False,p_not_available,没有可直接解读的p值；WWR只有15/45/75三档，显著性只支持本实验三档内比较；眼动结果注意AOI-expanded row粒度
06_models/emmeans_contrasts.csv,eye_tracking,TTFF_ms,WWR45_minus_mean_WWR15_WWR75,1470.7048581614154,,,,,planned_or_descriptive_contrast,,False,False,p_not_available,没有可直接解读的p值；WWR只有15/45/75三档，显著性只支持本实验三档内比较；眼动结果注意AOI-expanded row粒度
06_models/emmeans_contrasts.csv,eye_tracking,attention_share,mean_WWR_15,0.1812166804179333,,,,,planned_or_descriptive_contrast,,False,False,p_not_available,没有可直接解读的p值；WWR只有15/45/75三档，显著性只支持本实验三档内比较；眼动结果注意AOI-expanded row粒度
06_models/emmeans_contrasts.csv,eye_tracking,attention_share,mean_WWR_45,0.1544178475124307,,,,,planned_or_descriptive_contrast,,False,False,p_not_available,没有可直接解读的p值；WWR只有15/45/75三档，显著性只支持本实验三档内比较；眼动结果注意AOI-expanded row粒度
06_models/emmeans_contrasts.csv,eye_tracking,attention_share,mean_WWR_75,0.1737188348871507,,,,,planned_or_descriptive_contrast,,False,False,p_not_available,没有可直接解读的p值；WWR只有15/45/75三档，显著性只支持本实验三档内比较；眼动结果注意AOI-expanded row粒度
06_models/emmeans_contrasts.csv,eye_tracking,attention_share,WWR45_minus_mean_WWR15_WWR75,-0.0230499101401112,,,,,planned_or_descriptive_contrast,,False,False,p_not_available,没有可直接解读的p值；WWR只有15/45/75三档，显著性只支持本实验三档内比较；眼动结果注意AOI-expanded row粒度
06_models/emmeans_contrasts.csv,eye_tracking,share_pct,mean_WWR_15,18.12166804179334,,,,,planned_or_descriptive_contrast,,False,False,p_not_available,没有可直接解读的p值；WWR只有15/45/75三档，显著性只支持本实验三档内比较；眼动结果注意AOI-expanded row粒度
06_models/emmeans_contrasts.csv,eye_tracking,share_pct,mean_WWR_45,15.441784751243077,,,,,planned_or_descriptive_contrast,,False,False,p_not_available,没有可直接解读的p值；WWR只有15/45/75三档，显著性只支持本实验三档内比较；眼动结果注意AOI-expanded row粒度
06_models/emmeans_contrasts.csv,eye_tracking,share_pct,mean_WWR_75,17.371883488715074,,,,,planned_or_descriptive_contrast,,False,False,p_not_available,没有可直接解读的p值；WWR只有15/45/75三档，显著性只支持本实验三档内比较；眼动结果注意AOI-expanded row粒度
06_models/emmeans_contrasts.csv,eye_tracking,share_pct,WWR45_minus_mean_WWR15_WWR75,-2.3049910140111294,,,,,planned_or_descriptive_contrast,,False,False,p_not_available,没有可直接解读的p值；WWR只有15/45/75三档，显著性只支持本实验三档内比较；眼动结果注意AOI-expanded row粒度
06_models/emmeans_contrasts.csv,other,FFD_ms,mean_WWR_15,352.45104895104896,,,,,planned_or_descriptive_contrast,,False,False,p_not_available,没有可直接解读的p值；WWR只有15/45/75三档，显著性只支持本实验三档内比较
06_models/emmeans_contrasts.csv,other,FFD_ms,mean_WWR_45,337.1120943952802,,,,,planned_or_descriptive_contrast,,False,False,p_not_available,没有可直接解读的p值；WWR只有15/45/75三档，显著性只支持本实验三档内比较
06_models/emmeans_contrasts.csv,other,FFD_ms,mean_WWR_75,378.6611570247934,,,,,planned_or_descriptive_contrast,,False,False,p_not_available,没有可直接解读的p值；WWR只有15/45/75三档，显著性只支持本实验三档内比较
06_models/emmeans_contrasts.csv,other,FFD_ms,WWR45_minus_mean_WWR15_WWR75,-28.444008592640955,,,,,planned_or_descriptive_contrast,,False,False,p_not_available,没有可直接解读的p值；WWR只有15/45/75三档，显著性只支持本实验三档内比较
06_models/emmeans_contrasts.csv,other,MFD_ms,mean_WWR_15,462.1563284540065,,,,,planned_or_descriptive_contrast,,False,False,p_not_available,没有可直接解读的p值；WWR只有15/45/75三档，显著性只支持本实验三档内比较
06_models/emmeans_contrasts.csv,other,MFD_ms,mean_WWR_45,406.9011308224274,,,,,planned_or_descriptive_contrast,,False,False,p_not_available,没有可直接解读的p值；WWR只有15/45/75三档，显著性只支持本实验三档内比较
06_models/emmeans_contrasts.csv,other,MFD_ms,mean_WWR_75,461.5554796897342,,,,,planned_or_descriptive_contrast,,False,False,p_not_available,没有可直接解读的p值；WWR只有15/45/75三档，显著性只支持本实验三档内比较
06_models/emmeans_contrasts.csv,other,MFD_ms,WWR45_minus_mean_WWR15_WWR75,-54.954773249442894,,,,,planned_or_descriptive_contrast,,False,False,p_not_available,没有可直接解读的p值；WWR只有15/45/75三档，显著性只支持本实验三档内比较
06_models/emmeans_contrasts.csv,other,RFF,mean_WWR_15,8.533333333333333,,,,,planned_or_descriptive_contrast,,False,False,p_not_available,没有可直接解读的p值；WWR只有15/45/75三档，显著性只支持本实验三档内比较
06_models/emmeans_contrasts.csv,other,RFF,mean_WWR_45,8.862903225806452,,,,,planned_or_descriptive_contrast,,False,False,p_not_available,没有可直接解读的p值；WWR只有15/45/75三档，显著性只支持本实验三档内比较
06_models/emmeans_contrasts.csv,other,RFF,mean_WWR_75,9.822454308093995,,,,,planned_or_descriptive_contrast,,False,False,p_not_available,没有可直接解读的p值；WWR只有15/45/75三档，显著性只支持本实验三档内比较
06_models/emmeans_contrasts.csv,other,RFF,WWR45_minus_mean_WWR15_WWR75,-0.3149905949072114,,,,,planned_or_descriptive_contrast,,False,False,p_not_available,没有可直接解读的p值；WWR只有15/45/75三档，显著性只支持本实验三档内比较
06_models/emmeans_contrasts.csv,other,MPD,mean_WWR_15,1.3967302374186112,,,,,planned_or_descriptive_contrast,,False,False,p_not_available,没有可直接解读的p值；WWR只有15/45/75三档，显著性只支持本实验三档内比较
06_models/emmeans_contrasts.csv,other,MPD,mean_WWR_45,1.3688377310396278,,,,,planned_or_descriptive_contrast,,False,False,p_not_available,没有可直接解读的p值；WWR只有15/45/75三档，显著性只支持本实验三档内比较
06_models/emmeans_contrasts.csv,other,MPD,mean_WWR_75,1.3381149048697965,,,,,planned_or_descriptive_contrast,,False,False,p_not_available,没有可直接解读的p值；WWR只有15/45/75三档，显著性只支持本实验三档内比较
06_models/emmeans_contrasts.csv,other,MPD,WWR45_minus_mean_WWR15_WWR75,0.0014151598954239,,,,,planned_or_descriptive_contrast,,False,False,p_not_available,没有可直接解读的p值；WWR只有15/45/75三档，显著性只支持本实验三档内比较
06_models/emmeans_contrasts.csv,eeg,eeg_F_theta,mean_WWR_15,5.842696483226492,,,,,planned_or_descriptive_contrast,,False,False,p_not_available,没有可直接解读的p值；WWR只有15/45/75三档，显著性只支持本实验三档内比较；EEG结果需结合QC和多模态证据
06_models/emmeans_contrasts.csv,eeg,eeg_F_theta,mean_WWR_45,5.942377638474007,,,,,planned_or_descriptive_contrast,,False,False,p_not_available,没有可直接解读的p值；WWR只有15/45/75三档，显著性只支持本实验三档内比较；EEG结果需结合QC和多模态证据
06_models/emmeans_contrasts.csv,eeg,eeg_F_theta,mean_WWR_75,6.078072224721164,,,,,planned_or_descriptive_contrast,,False,False,p_not_available,没有可直接解读的p值；WWR只有15/45/75三档，显著性只支持本实验三档内比较；EEG结果需结合QC和多模态证据
06_models/emmeans_contrasts.csv,eeg,eeg_F_theta,WWR45_minus_mean_WWR15_WWR75,-0.0180067154998209,,,,,planned_or_descriptive_contrast,,False,False,p_not_available,没有可直接解读的p值；WWR只有15/45/75三档，显著性只支持本实验三档内比较；EEG结果需结合QC和多模态证据
06_models/emmeans_contrasts.csv,eeg,eeg_F_alpha,mean_WWR_15,4.5466609327972805,,,,,planned_or_descriptive_contrast,,False,False,p_not_available,没有可直接解读的p值；WWR只有15/45/75三档，显著性只支持本实验三档内比较；EEG结果需结合QC和多模态证据
06_models/emmeans_contrasts.csv,eeg,eeg_F_alpha,mean_WWR_45,5.115596342130315,,,,,planned_or_descriptive_contrast,,False,False,p_not_available,没有可直接解读的p值；WWR只有15/45/75三档，显著性只支持本实验三档内比较；EEG结果需结合QC和多模态证据
06_models/emmeans_contrasts.csv,eeg,eeg_F_alpha,mean_WWR_75,5.381092644435366,,,,,planned_or_descriptive_contrast,,False,False,p_not_available,没有可直接解读的p值；WWR只有15/45/75三档，显著性只支持本实验三档内比较；EEG结果需结合QC和多模态证据
06_models/emmeans_contrasts.csv,eeg,eeg_F_alpha,WWR45_minus_mean_WWR15_WWR75,0.1517195535139919,,,,,planned_or_descriptive_contrast,,False,False,p_not_available,没有可直接解读的p值；WWR只有15/45/75三档，显著性只支持本实验三档内比较；EEG结果需结合QC和多模态证据
06_models/emmeans_contrasts.csv,eeg,eeg_F_beta,mean_WWR_15,9.497534175860626,,,,,planned_or_descriptive_contrast,,False,False,p_not_available,没有可直接解读的p值；WWR只有15/45/75三档，显著性只支持本实验三档内比较；EEG结果需结合QC和多模态证据
06_models/emmeans_contrasts.csv,eeg,eeg_F_beta,mean_WWR_45,10.774173902811023,,,,,planned_or_descriptive_contrast,,False,False,p_not_available,没有可直接解读的p值；WWR只有15/45/75三档，显著性只支持本实验三档内比较；EEG结果需结合QC和多模态证据
06_models/emmeans_contrasts.csv,eeg,eeg_F_beta,mean_WWR_75,9.919697800212235,,,,,planned_or_descriptive_contrast,,False,False,p_not_available,没有可直接解读的p值；WWR只有15/45/75三档，显著性只支持本实验三档内比较；EEG结果需结合QC和多模态证据
06_models/emmeans_contrasts.csv,eeg,eeg_F_beta,WWR45_minus_mean_WWR15_WWR75,1.0655579147745922,,,,,planned_or_descriptive_contrast,,False,False,p_not_available,没有可直接解读的p值；WWR只有15/45/75三档，显著性只支持本实验三档内比较；EEG结果需结合QC和多模态证据
06_models/emmeans_contrasts.csv,eeg,eeg_P_theta,mean_WWR_15,0.6273482132550233,,,,,planned_or_descriptive_contrast,,False,False,p_not_available,没有可直接解读的p值；WWR只有15/45/75三档，显著性只支持本实验三档内比较；EEG结果需结合QC和多模态证据
06_models/emmeans_contrasts.csv,eeg,eeg_P_theta,mean_WWR_45,0.6447917827866247,,,,,planned_or_descriptive_contrast,,False,False,p_not_available,没有可直接解读的p值；WWR只有15/45/75三档，显著性只支持本实验三档内比较；EEG结果需结合QC和多模态证据
06_models/emmeans_contrasts.csv,eeg,eeg_P_theta,mean_WWR_75,0.6792051249306121,,,,,planned_or_descriptive_contrast,,False,False,p_not_available,没有可直接解读的p值；WWR只有15/45/75三档，显著性只支持本实验三档内比较；EEG结果需结合QC和多模态证据
06_models/emmeans_contrasts.csv,eeg,eeg_P_theta,WWR45_minus_mean_WWR15_WWR75,-0.008484886306193,,,,,planned_or_descriptive_contrast,,False,False,p_not_available,没有可直接解读的p值；WWR只有15/45/75三档，显著性只支持本实验三档内比较；EEG结果需结合QC和多模态证据
06_models/emmeans_contrasts.csv,eeg,eeg_P_alpha,mean_WWR_15,0.7859696522827966,,,,,planned_or_descriptive_contrast,,False,False,p_not_available,没有可直接解读的p值；WWR只有15/45/75三档，显著性只支持本实验三档内比较；EEG结果需结合QC和多模态证据
06_models/emmeans_contrasts.csv,eeg,eeg_P_alpha,mean_WWR_45,0.828645850910641,,,,,planned_or_descriptive_contrast,,False,False,p_not_available,没有可直接解读的p值；WWR只有15/45/75三档，显著性只支持本实验三档内比较；EEG结果需结合QC和多模态证据
06_models/emmeans_contrasts.csv,eeg,eeg_P_alpha,mean_WWR_75,0.921159559295902,,,,,planned_or_descriptive_contrast,,False,False,p_not_available,没有可直接解读的p值；WWR只有15/45/75三档，显著性只支持本实验三档内比较；EEG结果需结合QC和多模态证据
06_models/emmeans_contrasts.csv,eeg,eeg_P_alpha,WWR45_minus_mean_WWR15_WWR75,-0.0249187548787083,,,,,planned_or_descriptive_contrast,,False,False,p_not_available,没有可直接解读的p值；WWR只有15/45/75三档，显著性只支持本实验三档内比较；EEG结果需结合QC和多模态证据
06_models/emmeans_contrasts.csv,eeg,eeg_P_beta,mean_WWR_15,1.4748993143168916,,,,,planned_or_descriptive_contrast,,False,False,p_not_available,没有可直接解读的p值；WWR只有15/45/75三档，显著性只支持本实验三档内比较；EEG结果需结合QC和多模态证据
06_models/emmeans_contrasts.csv,eeg,eeg_P_beta,mean_WWR_45,1.6056845243477895,,,,,planned_or_descriptive_contrast,,False,False,p_not_available,没有可直接解读的p值；WWR只有15/45/75三档，显著性只支持本实验三档内比较；EEG结果需结合QC和多模态证据
06_models/emmeans_contrasts.csv,eeg,eeg_P_beta,mean_WWR_75,1.5276317571174665,,,,,planned_or_descriptive_contrast,,False,False,p_not_available,没有可直接解读的p值；WWR只有15/45/75三档，显著性只支持本实验三档内比较；EEG结果需结合QC和多模态证据
06_models/emmeans_contrasts.csv,eeg,eeg_P_beta,WWR45_minus_mean_WWR15_WWR75,0.1044189886306103,,,,,planned_or_descriptive_contrast,,False,False,p_not_available,没有可直接解读的p值；WWR只有15/45/75三档，显著性只支持本实验三档内比较；EEG结果需结合QC和多模态证据
06_models/emmeans_contrasts.csv,eeg,eeg_O_theta,mean_WWR_15,1.6339534230601005,,,,,planned_or_descriptive_contrast,,False,False,p_not_available,没有可直接解读的p值；WWR只有15/45/75三档，显著性只支持本实验三档内比较；EEG结果需结合QC和多模态证据
06_models/emmeans_contrasts.csv,eeg,eeg_O_theta,mean_WWR_45,1.616120483945556,,,,,planned_or_descriptive_contrast,,False,False,p_not_available,没有可直接解读的p值；WWR只有15/45/75三档，显著性只支持本实验三档内比较；EEG结果需结合QC和多模态证据
06_models/emmeans_contrasts.csv,eeg,eeg_O_theta,mean_WWR_75,1.6592633622827255,,,,,planned_or_descriptive_contrast,,False,False,p_not_available,没有可直接解读的p值；WWR只有15/45/75三档，显著性只支持本实验三档内比较；EEG结果需结合QC和多模态证据
06_models/emmeans_contrasts.csv,eeg,eeg_O_theta,WWR45_minus_mean_WWR15_WWR75,-0.0304879087258571,,,,,planned_or_descriptive_contrast,,False,False,p_not_available,没有可直接解读的p值；WWR只有15/45/75三档，显著性只支持本实验三档内比较；EEG结果需结合QC和多模态证据
06_models/emmeans_contrasts.csv,eeg,eeg_O_alpha,mean_WWR_15,1.6855530441088864,,,,,planned_or_descriptive_contrast,,False,False,p_not_available,没有可直接解读的p值；WWR只有15/45/75三档，显著性只支持本实验三档内比较；EEG结果需结合QC和多模态证据
06_models/emmeans_contrasts.csv,eeg,eeg_O_alpha,mean_WWR_45,1.866022736586048,,,,,planned_or_descriptive_contrast,,False,False,p_not_available,没有可直接解读的p值；WWR只有15/45/75三档，显著性只支持本实验三档内比较；EEG结果需结合QC和多模态证据
06_models/emmeans_contrasts.csv,eeg,eeg_O_alpha,mean_WWR_75,2.0264948363562696,,,,,planned_or_descriptive_contrast,,False,False,p_not_available,没有可直接解读的p值；WWR只有15/45/75三档，显著性只支持本实验三档内比较；EEG结果需结合QC和多模态证据
06_models/emmeans_contrasts.csv,eeg,eeg_O_alpha,WWR45_minus_mean_WWR15_WWR75,0.00999879635347,,,,,planned_or_descriptive_contrast,,False,False,p_not_available,没有可直接解读的p值；WWR只有15/45/75三档，显著性只支持本实验三档内比较；EEG结果需结合QC和多模态证据
06_models/emmeans_contrasts.csv,eeg,eeg_O_beta,mean_WWR_15,3.757029126173134,,,,,planned_or_descriptive_contrast,,False,False,p_not_available,没有可直接解读的p值；WWR只有15/45/75三档，显著性只支持本实验三档内比较；EEG结果需结合QC和多模态证据
06_models/emmeans_contrasts.csv,eeg,eeg_O_beta,mean_WWR_45,3.911054968855467,,,,,planned_or_descriptive_contrast,,False,False,p_not_available,没有可直接解读的p值；WWR只有15/45/75三档，显著性只支持本实验三档内比较；EEG结果需结合QC和多模态证据
06_models/emmeans_contrasts.csv,eeg,eeg_O_beta,mean_WWR_75,3.682310457739586,,,,,planned_or_descriptive_contrast,,False,False,p_not_available,没有可直接解读的p值；WWR只有15/45/75三档，显著性只支持本实验三档内比较；EEG结果需结合QC和多模态证据
06_models/emmeans_contrasts.csv,eeg,eeg_O_beta,WWR45_minus_mean_WWR15_WWR75,0.1913851768991077,,,,,planned_or_descriptive_contrast,,False,False,p_not_available,没有可直接解读的p值；WWR只有15/45/75三档，显著性只支持本实验三档内比较；EEG结果需结合QC和多模态证据
02_questionnaire/questionnaire_wwr_polynomial_contrasts.csv,questionnaire,S1,Linear,-0.1428571428571428,0.0851986655761431,0.0992663344279077,,,planned_or_descriptive_contrast,56.0,False,False,p>=0.05,未达到0.05显著性
02_questionnaire/questionnaire_wwr_polynomial_contrasts.csv,questionnaire,S1,Quadratic,0.4107142857142857,0.1315536178139004,0.0028619648186959,,,planned_or_descriptive_contrast,56.0,False,False,p<0.05,统计显著
02_questionnaire/questionnaire_wwr_polynomial_contrasts.csv,questionnaire,S2,Linear,-0.3526785714285714,0.082024106003523,7.050716352219209e-05,,,planned_or_descriptive_contrast,56.0,False,False,p<0.05,统计显著
02_questionnaire/questionnaire_wwr_polynomial_contrasts.csv,questionnaire,S2,Quadratic,0.5401785714285714,0.1086324349065652,6.829297249095478e-06,,,planned_or_descriptive_contrast,56.0,False,False,p<0.05,统计显著
02_questionnaire/questionnaire_wwr_polynomial_contrasts.csv,questionnaire,S3,Linear,-0.3214285714285714,0.0837228066227719,0.0003211214613532,,,planned_or_descriptive_contrast,56.0,False,False,p<0.05,统计显著
02_questionnaire/questionnaire_wwr_polynomial_contrasts.csv,questionnaire,S3,Quadratic,-0.25,0.1355903398466876,0.0706035414117371,,,planned_or_descriptive_contrast,56.0,False,False,p>=0.05,未达到0.05显著性
02_questionnaire/questionnaire_wwr_polynomial_contrasts.csv,questionnaire,S4,Linear,-0.1428571428571428,0.0889278542713481,0.113904302339903,,,planned_or_descriptive_contrast,56.0,False,False,p>=0.05,未达到0.05显著性
02_questionnaire/questionnaire_wwr_polynomial_contrasts.csv,questionnaire,S4,Quadratic,0.8303571428571429,0.1620569813780266,3.977546559962228e-06,,,planned_or_descriptive_contrast,56.0,False,False,p<0.05,统计显著
02_questionnaire/questionnaire_wwr_polynomial_contrasts.csv,questionnaire,S5,Linear,-0.2008928571428571,0.1140352750122711,0.0836821076981329,,,planned_or_descriptive_contrast,56.0,False,False,p>=0.05,未达到0.05显著性
02_questionnaire/questionnaire_wwr_polynomial_contrasts.csv,questionnaire,S5,Quadratic,0.90625,0.1724256968713145,2.472458669354313e-06,,,planned_or_descriptive_contrast,56.0,False,False,p<0.05,统计显著
02_questionnaire/questionnaire_wwr_polynomial_contrasts.csv,other,B1,Linear,,,,,,planned_or_descriptive_contrast,0.0,False,False,p_not_available,没有可直接解读的p值
02_questionnaire/questionnaire_wwr_polynomial_contrasts.csv,other,B1,Quadratic,,,,,,planned_or_descriptive_contrast,0.0,False,False,p_not_available,没有可直接解读的p值
02_questionnaire/questionnaire_wwr_polynomial_contrasts.csv,other,B2,Linear,,,,,,planned_or_descriptive_contrast,0.0,False,False,p_not_available,没有可直接解读的p值
02_questionnaire/questionnaire_wwr_polynomial_contrasts.csv,other,B2,Quadratic,,,,,,planned_or_descriptive_contrast,0.0,False,False,p_not_available,没有可直接解读的p值
02_questionnaire/questionnaire_wwr_polynomial_contrasts.csv,other,B3,Linear,,,,,,planned_or_descriptive_contrast,0.0,False,False,p_not_available,没有可直接解读的p值
02_questionnaire/questionnaire_wwr_polynomial_contrasts.csv,other,B3,Quadratic,,,,,,planned_or_descriptive_contrast,0.0,False,False,p_not_available,没有可直接解读的p值
02_questionnaire/questionnaire_wwr_polynomial_contrasts.csv,questionnaire,Bmean,Linear,,,,,,planned_or_descriptive_contrast,0.0,False,False,p_not_available,没有可直接解读的p值
02_questionnaire/questionnaire_wwr_polynomial_contrasts.csv,questionnaire,Bmean,Quadratic,,,,,,planned_or_descriptive_contrast,0.0,False,False,p_not_available,没有可直接解读的p值
02_questionnaire/questionnaire_wwr_polynomial_contrasts.csv,questionnaire,Afford4,Linear,-0.2399553571428571,0.0748845293751516,0.0022541699494205,,,planned_or_descriptive_contrast,56.0,False,False,p<0.05,统计显著
02_questionnaire/questionnaire_wwr_polynomial_contrasts.csv,questionnaire,Afford4,Quadratic,0.3828125,0.1034247966656976,0.000497690100103,,,planned_or_descriptive_contrast,56.0,False,False,p<0.05,统计显著
