outcome,term,estimate,std_error,p_value,ci_low,ci_high,model_type,n,n_subjects,formula,model_role,status,interpretation_note
q_S1,Intercept,5.315033488237319,0.7295772564827674,3.2146376237278117e-13,3.885088341591553,6.7449786348830845,ols_cluster_by_participant,453,42,q_S1 ~ C(WWR) + C(Complexity) + C(ExperienceGroup) + C(DateBatch) + C(Gender) + C(WWR):C(DateBatch) + C(WWR):C(ExperienceGroup) + Age + block + position,datebatch_adjusted,fit,"Controls DateBatch, ExperienceGroup, Complexity, order, and available demographics; interaction terms are sensitivity checks."
q_S1,C(WWR)[T.45],-0.6952135447716455,0.17383666122144742,6.354773521119521e-05,-1.0359271399583732,-0.354499949584918,ols_cluster_by_participant,453,42,q_S1 ~ C(WWR) + C(Complexity) + C(ExperienceGroup) + C(DateBatch) + C(Gender) + C(WWR):C(DateBatch) + C(WWR):C(ExperienceGroup) + Age + block + position,datebatch_adjusted,fit,"Controls DateBatch, ExperienceGroup, Complexity, order, and available demographics; interaction terms are sensitivity checks."
q_S1,C(WWR)[T.75],-1.1880471314221612,0.17187820920715874,4.77378990688553e-12,-1.5249222311954331,-0.8511720316488893,ols_cluster_by_participant,453,42,q_S1 ~ C(WWR) + C(Complexity) + C(ExperienceGroup) + C(DateBatch) + C(Gender) + C(WWR):C(DateBatch) + C(WWR):C(ExperienceGroup) + Age + block + position,datebatch_adjusted,fit,"Controls DateBatch, ExperienceGroup, Complexity, order, and available demographics; interaction terms are sensitivity checks."
q_S1,C(Complexity)[T.1],-0.6427014842824266,0.16198581875467416,7.258773955132841e-05,-0.9601878550478208,-0.32521511351703236,ols_cluster_by_participant,453,42,q_S1 ~ C(WWR) + C(Complexity) + C(ExperienceGroup) + C(DateBatch) + C(Gender) + C(WWR):C(DateBatch) + C(WWR):C(ExperienceGroup) + Age + block + position,datebatch_adjusted,fit,"Controls DateBatch, ExperienceGroup, Complexity, order, and available demographics; interaction terms are sensitivity checks."
q_S1,C(ExperienceGroup)[T.Low],-0.2571109821079147,0.22180737780962215,0.24638960926959386,-0.691845454120043,0.17762348990421345,ols_cluster_by_participant,453,42,q_S1 ~ C(WWR) + C(Complexity) + C(ExperienceGroup) + C(DateBatch) + C(Gender) + C(WWR):C(DateBatch) + C(WWR):C(ExperienceGroup) + Age + block + position,datebatch_adjusted,fit,"Controls DateBatch, ExperienceGroup, Complexity, order, and available demographics; interaction terms are sensitivity checks."
q_S1,C(DateBatch)[T.Second_2026-05-01_or_later],-0.17133564988503686,0.2737574034216573,0.5314023607188626,-0.7078903010926874,0.3652190013226136,ols_cluster_by_participant,453,42,q_S1 ~ C(WWR) + C(Complexity) + C(ExperienceGroup) + C(DateBatch) + C(Gender) + C(WWR):C(DateBatch) + C(WWR):C(ExperienceGroup) + Age + block + position,datebatch_adjusted,fit,"Controls DateBatch, ExperienceGroup, Complexity, order, and available demographics; interaction terms are sensitivity checks."
q_S1,C(Gender)[T.Male],0.014721889873581038,0.24721997221371958,0.9525142334660679,-0.46982035192430227,0.49926413167146433,ols_cluster_by_participant,453,42,q_S1 ~ C(WWR) + C(Complexity) + C(ExperienceGroup) + C(DateBatch) + C(Gender) + C(WWR):C(DateBatch) + C(WWR):C(ExperienceGroup) + Age + block + position,datebatch_adjusted,fit,"Controls DateBatch, ExperienceGroup, Complexity, order, and available demographics; interaction terms are sensitivity checks."
q_S1,C(WWR)[T.45]:C(DateBatch)[T.Second_2026-05-01_or_later],0.32513070034945535,0.18660034311514836,0.08144010411431558,-0.040599251659052094,0.6908606523579628,ols_cluster_by_participant,453,42,q_S1 ~ C(WWR) + C(Complexity) + C(ExperienceGroup) + C(DateBatch) + C(Gender) + C(WWR):C(DateBatch) + C(WWR):C(ExperienceGroup) + Age + block + position,datebatch_adjusted,fit,"Controls DateBatch, ExperienceGroup, Complexity, order, and available demographics; interaction terms are sensitivity checks."
q_S1,C(WWR)[T.75]:C(DateBatch)[T.Second_2026-05-01_or_later],0.6237517184237468,0.19588414682931427,0.001451100981608497,0.239825845495935,1.0076775913515585,ols_cluster_by_participant,453,42,q_S1 ~ C(WWR) + C(Complexity) + C(ExperienceGroup) + C(DateBatch) + C(Gender) + C(WWR):C(DateBatch) + C(WWR):C(ExperienceGroup) + Age + block + position,datebatch_adjusted,fit,"Controls DateBatch, ExperienceGroup, Complexity, order, and available demographics; interaction terms are sensitivity checks."
q_S1,C(WWR)[T.45]:C(ExperienceGroup)[T.Low],-0.0817418636986666,0.1998422504027913,0.6825162205081309,-0.47342547707757265,0.30994174968023946,ols_cluster_by_participant,453,42,q_S1 ~ C(WWR) + C(Complexity) + C(ExperienceGroup) + C(DateBatch) + C(Gender) + C(WWR):C(DateBatch) + C(WWR):C(ExperienceGroup) + Age + block + position,datebatch_adjusted,fit,"Controls DateBatch, ExperienceGroup, Complexity, order, and available demographics; interaction terms are sensitivity checks."
q_S1,C(WWR)[T.75]:C(ExperienceGroup)[T.Low],0.20137632556683707,0.21034702111577822,0.3383891752996152,-0.21089626007537446,0.6136489112090486,ols_cluster_by_participant,453,42,q_S1 ~ C(WWR) + C(Complexity) + C(ExperienceGroup) + C(DateBatch) + C(Gender) + C(WWR):C(DateBatch) + C(WWR):C(ExperienceGroup) + Age + block + position,datebatch_adjusted,fit,"Controls DateBatch, ExperienceGroup, Complexity, order, and available demographics; interaction terms are sensitivity checks."
q_S1,Age,-0.0038002598584050387,0.028423667839050135,0.8936393748142347,-0.05950962513147273,0.05190910541466265,ols_cluster_by_participant,453,42,q_S1 ~ C(WWR) + C(Complexity) + C(ExperienceGroup) + C(DateBatch) + C(Gender) + C(WWR):C(DateBatch) + C(WWR):C(ExperienceGroup) + Age + block + position,datebatch_adjusted,fit,"Controls DateBatch, ExperienceGroup, Complexity, order, and available demographics; interaction terms are sensitivity checks."
q_S1,block,0.040221218211348206,0.09322507482397747,0.6661469739428408,-0.14249657089969936,0.2229390073223958,ols_cluster_by_participant,453,42,q_S1 ~ C(WWR) + C(Complexity) + C(ExperienceGroup) + C(DateBatch) + C(Gender) + C(WWR):C(DateBatch) + C(WWR):C(ExperienceGroup) + Age + block + position,datebatch_adjusted,fit,"Controls DateBatch, ExperienceGroup, Complexity, order, and available demographics; interaction terms are sensitivity checks."
q_S1,position,0.315621227774022,0.05782105668266568,4.7994057758350386e-08,0.20229403912794827,0.42894841642009574,ols_cluster_by_participant,453,42,q_S1 ~ C(WWR) + C(Complexity) + C(ExperienceGroup) + C(DateBatch) + C(Gender) + C(WWR):C(DateBatch) + C(WWR):C(ExperienceGroup) + Age + block + position,datebatch_adjusted,fit,"Controls DateBatch, ExperienceGroup, Complexity, order, and available demographics; interaction terms are sensitivity checks."
q_S2,Intercept,6.683954755479538,0.90029961533092,1.1351088092546821e-13,4.9193999341356704,8.448509576823406,ols_cluster_by_participant,453,42,q_S2 ~ C(WWR) + C(Complexity) + C(ExperienceGroup) + C(DateBatch) + C(Gender) + C(WWR):C(DateBatch) + C(WWR):C(ExperienceGroup) + Age + block + position,datebatch_adjusted,fit,"Controls DateBatch, ExperienceGroup, Complexity, order, and available demographics; interaction terms are sensitivity checks."
q_S2,C(WWR)[T.45],-0.8652219704467554,0.14205275675819376,1.1231306031279574e-09,-1.143640257597444,-0.5868036832960668,ols_cluster_by_participant,453,42,q_S2 ~ C(WWR) + C(Complexity) + C(ExperienceGroup) + C(DateBatch) + C(Gender) + C(WWR):C(DateBatch) + C(WWR):C(ExperienceGroup) + Age + block + position,datebatch_adjusted,fit,"Controls DateBatch, ExperienceGroup, Complexity, order, and available demographics; interaction terms are sensitivity checks."
q_S2,C(WWR)[T.75],-1.342595113006452,0.2246058401011084,2.265031075477778e-09,-1.7828144703219866,-0.9023757556909173,ols_cluster_by_participant,453,42,q_S2 ~ C(WWR) + C(Complexity) + C(ExperienceGroup) + C(DateBatch) + C(Gender) + C(WWR):C(DateBatch) + C(WWR):C(ExperienceGroup) + Age + block + position,datebatch_adjusted,fit,"Controls DateBatch, ExperienceGroup, Complexity, order, and available demographics; interaction terms are sensitivity checks."
q_S2,C(Complexity)[T.1],-0.9339275599589903,0.1920118390929829,1.1509151622774046e-06,-1.3102638491865368,-0.5575912707314439,ols_cluster_by_participant,453,42,q_S2 ~ C(WWR) + C(Complexity) + C(ExperienceGroup) + C(DateBatch) + C(Gender) + C(WWR):C(DateBatch) + C(WWR):C(ExperienceGroup) + Age + block + position,datebatch_adjusted,fit,"Controls DateBatch, ExperienceGroup, Complexity, order, and available demographics; interaction terms are sensitivity checks."
q_S2,C(ExperienceGroup)[T.Low],-0.5725572046553324,0.26530799845753045,0.030921225872543808,-1.0925513264425004,-0.05256308286816458,ols_cluster_by_participant,453,42,q_S2 ~ C(WWR) + C(Complexity) + C(ExperienceGroup) + C(DateBatch) + C(Gender) + C(WWR):C(DateBatch) + C(WWR):C(ExperienceGroup) + Age + block + position,datebatch_adjusted,fit,"Controls DateBatch, ExperienceGroup, Complexity, order, and available demographics; interaction terms are sensitivity checks."
q_S2,C(DateBatch)[T.Second_2026-05-01_or_later],-0.3190489109190978,0.30446042675660695,0.2946773729221257,-0.9157803820797424,0.2776825602415468,ols_cluster_by_participant,453,42,q_S2 ~ C(WWR) + C(Complexity) + C(ExperienceGroup) + C(DateBatch) + C(Gender) + C(WWR):C(DateBatch) + C(WWR):C(ExperienceGroup) + Age + block + position,datebatch_adjusted,fit,"Controls DateBatch, ExperienceGroup, Complexity, order, and available demographics; interaction terms are sensitivity checks."
q_S2,C(Gender)[T.Male],-0.22795285201622342,0.23314188979198902,0.3282014460867746,-0.6849025592961284,0.22899685526368155,ols_cluster_by_participant,453,42,q_S2 ~ C(WWR) + C(Complexity) + C(ExperienceGroup) + C(DateBatch) + C(Gender) + C(WWR):C(DateBatch) + C(WWR):C(ExperienceGroup) + Age + block + position,datebatch_adjusted,fit,"Controls DateBatch, ExperienceGroup, Complexity, order, and available demographics; interaction terms are sensitivity checks."
q_S2,C(WWR)[T.45]:C(DateBatch)[T.Second_2026-05-01_or_later],0.10226180209912086,0.1602751696861823,0.5234483211162178,-0.2118717581018423,0.416395362300084,ols_cluster_by_participant,453,42,q_S2 ~ C(WWR) + C(Complexity) + C(ExperienceGroup) + C(DateBatch) + C(Gender) + C(WWR):C(DateBatch) + C(WWR):C(ExperienceGroup) + Age + block + position,datebatch_adjusted,fit,"Controls DateBatch, ExperienceGroup, Complexity, order, and available demographics; interaction terms are sensitivity checks."
q_S2,C(WWR)[T.75]:C(DateBatch)[T.Second_2026-05-01_or_later],0.35048597252510505,0.2396488424615955,0.14360476947755538,-0.11921712763633541,0.8201890726865455,ols_cluster_by_participant,453,42,q_S2 ~ C(WWR) + C(Complexity) + C(ExperienceGroup) + C(DateBatch) + C(Gender) + C(WWR):C(DateBatch) + C(WWR):C(ExperienceGroup) + Age + block + position,datebatch_adjusted,fit,"Controls DateBatch, ExperienceGroup, Complexity, order, and available demographics; interaction terms are sensitivity checks."
q_S2,C(WWR)[T.45]:C(ExperienceGroup)[T.Low],0.12165001865328989,0.15967850827952842,0.44615347047946496,-0.19131410667966664,0.4346141439862464,ols_cluster_by_participant,453,42,q_S2 ~ C(WWR) + C(Complexity) + C(ExperienceGroup) + C(DateBatch) + C(Gender) + C(WWR):C(DateBatch) + C(WWR):C(ExperienceGroup) + Age + block + position,datebatch_adjusted,fit,"Controls DateBatch, ExperienceGroup, Complexity, order, and available demographics; interaction terms are sensitivity checks."
q_S2,C(WWR)[T.75]:C(ExperienceGroup)[T.Low],0.25411808267637376,0.24314714153050945,0.29596724145609654,-0.22244155766728801,0.7306777230200355,ols_cluster_by_participant,453,42,q_S2 ~ C(WWR) + C(Complexity) + C(ExperienceGroup) + C(DateBatch) + C(Gender) + C(WWR):C(DateBatch) + C(WWR):C(ExperienceGroup) + Age + block + position,datebatch_adjusted,fit,"Controls DateBatch, ExperienceGroup, Complexity, order, and available demographics; interaction terms are sensitivity checks."
q_S2,Age,-0.023662672389499186,0.03772987375377122,0.5305542775060849,-0.09761186608813383,0.05028652130913546,ols_cluster_by_participant,453,42,q_S2 ~ C(WWR) + C(Complexity) + C(ExperienceGroup) + C(DateBatch) + C(Gender) + C(WWR):C(DateBatch) + C(WWR):C(ExperienceGroup) + Age + block + position,datebatch_adjusted,fit,"Controls DateBatch, ExperienceGroup, Complexity, order, and available demographics; interaction terms are sensitivity checks."
q_S2,block,-0.10190274621903049,0.07840590325103218,0.1937099599539428,-0.2555754927663855,0.05177000032832453,ols_cluster_by_participant,453,42,q_S2 ~ C(WWR) + C(Complexity) + C(ExperienceGroup) + C(DateBatch) + C(Gender) + C(WWR):C(DateBatch) + C(WWR):C(ExperienceGroup) + Age + block + position,datebatch_adjusted,fit,"Controls DateBatch, ExperienceGroup, Complexity, order, and available demographics; interaction terms are sensitivity checks."
q_S2,position,0.33175987914284755,0.06364002398021329,1.8574109190666503e-07,0.2070277241663641,0.456492034119331,ols_cluster_by_participant,453,42,q_S2 ~ C(WWR) + C(Complexity) + C(ExperienceGroup) + C(DateBatch) + C(Gender) + C(WWR):C(DateBatch) + C(WWR):C(ExperienceGroup) + Age + block + position,datebatch_adjusted,fit,"Controls DateBatch, ExperienceGroup, Complexity, order, and available demographics; interaction terms are sensitivity checks."
q_S3,Intercept,5.6392497308454095,0.8598570693391895,5.4403798784824716e-11,3.953960843088438,7.32453861860238,ols_cluster_by_participant,453,42,q_S3 ~ C(WWR) + C(Complexity) + C(ExperienceGroup) + C(DateBatch) + C(Gender) + C(WWR):C(DateBatch) + C(WWR):C(ExperienceGroup) + Age + block + position,datebatch_adjusted,fit,"Controls DateBatch, ExperienceGroup, Complexity, order, and available demographics; interaction terms are sensitivity checks."
q_S3,C(WWR)[T.45],-0.4330257301264511,0.1989438893861168,0.02950875090360977,-0.8229485882675603,-0.043102871985341906,ols_cluster_by_participant,453,42,q_S3 ~ C(WWR) + C(Complexity) + C(ExperienceGroup) + C(DateBatch) + C(Gender) + C(WWR):C(DateBatch) + C(WWR):C(ExperienceGroup) + Age + block + position,datebatch_adjusted,fit,"Controls DateBatch, ExperienceGroup, Complexity, order, and available demographics; interaction terms are sensitivity checks."
q_S3,C(WWR)[T.75],-1.2285890627426692,0.15044592719735791,3.179483462735024e-16,-1.5234576616702258,-0.9337204638151126,ols_cluster_by_participant,453,42,q_S3 ~ C(WWR) + C(Complexity) + C(ExperienceGroup) + C(DateBatch) + C(Gender) + C(WWR):C(DateBatch) + C(WWR):C(ExperienceGroup) + Age + block + position,datebatch_adjusted,fit,"Controls DateBatch, ExperienceGroup, Complexity, order, and available demographics; interaction terms are sensitivity checks."
q_S3,C(Complexity)[T.1],-0.8257171178172832,0.17738247256012227,3.239655661756001e-06,-1.1733803755237873,-0.47805386011077916,ols_cluster_by_participant,453,42,q_S3 ~ C(WWR) + C(Complexity) + C(ExperienceGroup) + C(DateBatch) + C(Gender) + C(WWR):C(DateBatch) + C(WWR):C(ExperienceGroup) + Age + block + position,datebatch_adjusted,fit,"Controls DateBatch, ExperienceGroup, Complexity, order, and available demographics; interaction terms are sensitivity checks."
q_S3,C(ExperienceGroup)[T.Low],-0.5755264114986967,0.3077361688077281,0.06145684878348339,-1.178678219102182,0.027625396104788758,ols_cluster_by_participant,453,42,q_S3 ~ C(WWR) + C(Complexity) + C(ExperienceGroup) + C(DateBatch) + C(Gender) + C(WWR):C(DateBatch) + C(WWR):C(ExperienceGroup) + Age + block + position,datebatch_adjusted,fit,"Controls DateBatch, ExperienceGroup, Complexity, order, and available demographics; interaction terms are sensitivity checks."
q_S3,C(DateBatch)[T.Second_2026-05-01_or_later],-0.6068919749617778,0.3678294461026493,0.09895773393283529,-1.3278244417762872,0.11404049185273168,ols_cluster_by_participant,453,42,q_S3 ~ C(WWR) + C(Complexity) + C(ExperienceGroup) + C(DateBatch) + C(Gender) + C(WWR):C(DateBatch) + C(WWR):C(ExperienceGroup) + Age + block + position,datebatch_adjusted,fit,"Controls DateBatch, ExperienceGroup, Complexity, order, and available demographics; interaction terms are sensitivity checks."
q_S3,C(Gender)[T.Male],-0.1426348857069776,0.25995077720844056,0.5832116254074424,-0.6521290467887166,0.3668592753747615,ols_cluster_by_participant,453,42,q_S3 ~ C(WWR) + C(Complexity) + C(ExperienceGroup) + C(DateBatch) + C(Gender) + C(WWR):C(DateBatch) + C(WWR):C(ExperienceGroup) + Age + block + position,datebatch_adjusted,fit,"Controls DateBatch, ExperienceGroup, Complexity, order, and available demographics; interaction terms are sensitivity checks."
q_S3,C(WWR)[T.45]:C(DateBatch)[T.Second_2026-05-01_or_later],0.4140720480627182,0.2583218013005949,0.10894986746167025,-0.09222937890795996,0.9203734750333963,ols_cluster_by_participant,453,42,q_S3 ~ C(WWR) + C(Complexity) + C(ExperienceGroup) + C(DateBatch) + C(Gender) + C(WWR):C(DateBatch) + C(WWR):C(ExperienceGroup) + Age + block + position,datebatch_adjusted,fit,"Controls DateBatch, ExperienceGroup, Complexity, order, and available demographics; interaction terms are sensitivity checks."
q_S3,C(WWR)[T.75]:C(DateBatch)[T.Second_2026-05-01_or_later],0.7347323222478476,0.19757702682422418,0.00020024014671880553,0.347488465499864,1.1219761789958311,ols_cluster_by_participant,453,42,q_S3 ~ C(WWR) + C(Complexity) + C(ExperienceGroup) + C(DateBatch) + C(Gender) + C(WWR):C(DateBatch) + C(WWR):C(ExperienceGroup) + Age + block + position,datebatch_adjusted,fit,"Controls DateBatch, ExperienceGroup, Complexity, order, and available demographics; interaction terms are sensitivity checks."
q_S3,C(WWR)[T.45]:C(ExperienceGroup)[T.Low],0.06071796060585194,0.23308058695994757,0.7944765676781403,-0.39611159533110146,0.5175475165428054,ols_cluster_by_participant,453,42,q_S3 ~ C(WWR) + C(Complexity) + C(ExperienceGroup) + C(DateBatch) + C(Gender) + C(WWR):C(DateBatch) + C(WWR):C(ExperienceGroup) + Age + block + position,datebatch_adjusted,fit,"Controls DateBatch, ExperienceGroup, Complexity, order, and available demographics; interaction terms are sensitivity checks."
q_S3,C(WWR)[T.75]:C(ExperienceGroup)[T.Low],0.13021491412539485,0.18583931534421788,0.4834993052396448,-0.23402345086085405,0.4944532791116437,ols_cluster_by_participant,453,42,q_S3 ~ C(WWR) + C(Complexity) + C(ExperienceGroup) + C(DateBatch) + C(Gender) + C(WWR):C(DateBatch) + C(WWR):C(ExperienceGroup) + Age + block + position,datebatch_adjusted,fit,"Controls DateBatch, ExperienceGroup, Complexity, order, and available demographics; interaction terms are sensitivity checks."
q_S3,Age,-0.0010845321354853344,0.03523130175245299,0.9754424401726515,-0.07013661469875608,0.06796755042778542,ols_cluster_by_participant,453,42,q_S3 ~ C(WWR) + C(Complexity) + C(ExperienceGroup) + C(DateBatch) + C(Gender) + C(WWR):C(DateBatch) + C(WWR):C(ExperienceGroup) + Age + block + position,datebatch_adjusted,fit,"Controls DateBatch, ExperienceGroup, Complexity, order, and available demographics; interaction terms are sensitivity checks."
q_S3,block,0.09001434611124211,0.10113068474330268,0.3734232166654936,-0.10819815371750548,0.2882268459399897,ols_cluster_by_participant,453,42,q_S3 ~ C(WWR) + C(Complexity) + C(ExperienceGroup) + C(DateBatch) + C(Gender) + C(WWR):C(DateBatch) + C(WWR):C(ExperienceGroup) + Age + block + position,datebatch_adjusted,fit,"Controls DateBatch, ExperienceGroup, Complexity, order, and available demographics; interaction terms are sensitivity checks."
q_S3,position,0.27189452178172285,0.057482131625616786,2.2444213797171614e-06,0.15923161404092312,0.3845574295225226,ols_cluster_by_participant,453,42,q_S3 ~ C(WWR) + C(Complexity) + C(ExperienceGroup) + C(DateBatch) + C(Gender) + C(WWR):C(DateBatch) + C(WWR):C(ExperienceGroup) + Age + block + position,datebatch_adjusted,fit,"Controls DateBatch, ExperienceGroup, Complexity, order, and available demographics; interaction terms are sensitivity checks."
q_S4,Intercept,5.117060603405762,0.767159605164664,2.555626176184097e-11,3.6134554068890528,6.620665799922472,ols_cluster_by_participant,453,42,q_S4 ~ C(WWR) + C(Complexity) + C(ExperienceGroup) + C(DateBatch) + C(Gender) + C(WWR):C(DateBatch) + C(WWR):C(ExperienceGroup) + Age + block + position,datebatch_adjusted,fit,"Controls DateBatch, ExperienceGroup, Complexity, order, and available demographics; interaction terms are sensitivity checks."
q_S4,C(WWR)[T.45],-0.8150056666000312,0.18123633558327562,6.894426258031293e-06,-1.1702223570332664,-0.45978897616679587,ols_cluster_by_participant,453,42,q_S4 ~ C(WWR) + C(Complexity) + C(ExperienceGroup) + C(DateBatch) + C(Gender) + C(WWR):C(DateBatch) + C(WWR):C(ExperienceGroup) + Age + block + position,datebatch_adjusted,fit,"Controls DateBatch, ExperienceGroup, Complexity, order, and available demographics; interaction terms are sensitivity checks."
q_S4,C(WWR)[T.75],-1.0805700975759003,0.21933175783349723,8.365277943591645e-07,-1.5104524435954159,-0.6506877515563848,ols_cluster_by_participant,453,42,q_S4 ~ C(WWR) + C(Complexity) + C(ExperienceGroup) + C(DateBatch) + C(Gender) + C(WWR):C(DateBatch) + C(WWR):C(ExperienceGroup) + Age + block + position,datebatch_adjusted,fit,"Controls DateBatch, ExperienceGroup, Complexity, order, and available demographics; interaction terms are sensitivity checks."
q_S4,C(Complexity)[T.1],-0.6241425749033568,0.19205982290073345,0.001155146111420549,-1.0005729106659356,-0.2477122391407781,ols_cluster_by_participant,453,42,q_S4 ~ C(WWR) + C(Complexity) + C(ExperienceGroup) + C(DateBatch) + C(Gender) + C(WWR):C(DateBatch) + C(WWR):C(ExperienceGroup) + Age + block + position,datebatch_adjusted,fit,"Controls DateBatch, ExperienceGroup, Complexity, order, and available demographics; interaction terms are sensitivity checks."
q_S4,C(ExperienceGroup)[T.Low],-0.42629036409651244,0.27350404887889523,0.11908506202146582,-0.9623484495250296,0.10976772133200474,ols_cluster_by_participant,453,42,q_S4 ~ C(WWR) + C(Complexity) + C(ExperienceGroup) + C(DateBatch) + C(Gender) + C(WWR):C(DateBatch) + C(WWR):C(ExperienceGroup) + Age + block + position,datebatch_adjusted,fit,"Controls DateBatch, ExperienceGroup, Complexity, order, and available demographics; interaction terms are sensitivity checks."
q_S4,C(DateBatch)[T.Second_2026-05-01_or_later],-0.32496493920070674,0.33618672327870225,0.333733841208269,-0.9838788089074966,0.33394893050608304,ols_cluster_by_participant,453,42,q_S4 ~ C(WWR) + C(Complexity) + C(ExperienceGroup) + C(DateBatch) + C(Gender) + C(WWR):C(DateBatch) + C(WWR):C(ExperienceGroup) + Age + block + position,datebatch_adjusted,fit,"Controls DateBatch, ExperienceGroup, Complexity, order, and available demographics; interaction terms are sensitivity checks."
q_S4,C(Gender)[T.Male],0.11143778574868392,0.25664456711454486,0.6641355325653914,-0.3915763226236968,0.6144518941210646,ols_cluster_by_participant,453,42,q_S4 ~ C(WWR) + C(Complexity) + C(ExperienceGroup) + C(DateBatch) + C(Gender) + C(WWR):C(DateBatch) + C(WWR):C(ExperienceGroup) + Age + block + position,datebatch_adjusted,fit,"Controls DateBatch, ExperienceGroup, Complexity, order, and available demographics; interaction terms are sensitivity checks."
q_S4,C(WWR)[T.45]:C(DateBatch)[T.Second_2026-05-01_or_later],0.33579858887464836,0.23144865057082972,0.14682005184536664,-0.1178324305145737,0.7894296082638704,ols_cluster_by_participant,453,42,q_S4 ~ C(WWR) + C(Complexity) + C(ExperienceGroup) + C(DateBatch) + C(Gender) + C(WWR):C(DateBatch) + C(WWR):C(ExperienceGroup) + Age + block + position,datebatch_adjusted,fit,"Controls DateBatch, ExperienceGroup, Complexity, order, and available demographics; interaction terms are sensitivity checks."
q_S4,C(WWR)[T.75]:C(DateBatch)[T.Second_2026-05-01_or_later],0.5459781933054586,0.2837619680723137,0.05434567585559334,-0.010185044298480883,1.102141430909398,ols_cluster_by_participant,453,42,q_S4 ~ C(WWR) + C(Complexity) + C(ExperienceGroup) + C(DateBatch) + C(Gender) + C(WWR):C(DateBatch) + C(WWR):C(ExperienceGroup) + Age + block + position,datebatch_adjusted,fit,"Controls DateBatch, ExperienceGroup, Complexity, order, and available demographics; interaction terms are sensitivity checks."
q_S4,C(WWR)[T.45]:C(ExperienceGroup)[T.Low],-0.029836855836896922,0.22542497835830422,0.8947009350669152,-0.4716616946348943,0.41198798296110045,ols_cluster_by_participant,453,42,q_S4 ~ C(WWR) + C(Complexity) + C(ExperienceGroup) + C(DateBatch) + C(Gender) + C(WWR):C(DateBatch) + C(WWR):C(ExperienceGroup) + Age + block + position,datebatch_adjusted,fit,"Controls DateBatch, ExperienceGroup, Complexity, order, and available demographics; interaction terms are sensitivity checks."
q_S4,C(WWR)[T.75]:C(ExperienceGroup)[T.Low],0.31556242050408984,0.2789949360099798,0.25802620584273406,-0.23125760594452766,0.8623824469527073,ols_cluster_by_participant,453,42,q_S4 ~ C(WWR) + C(Complexity) + C(ExperienceGroup) + C(DateBatch) + C(Gender) + C(WWR):C(DateBatch) + C(WWR):C(ExperienceGroup) + Age + block + position,datebatch_adjusted,fit,"Controls DateBatch, ExperienceGroup, Complexity, order, and available demographics; interaction terms are sensitivity checks."
q_S4,Age,0.0036532228999546553,0.0281088657976421,0.8965925933998924,-0.051439141709693596,0.05874558750960291,ols_cluster_by_participant,453,42,q_S4 ~ C(WWR) + C(Complexity) + C(ExperienceGroup) + C(DateBatch) + C(Gender) + C(WWR):C(DateBatch) + C(WWR):C(ExperienceGroup) + Age + block + position,datebatch_adjusted,fit,"Controls DateBatch, ExperienceGroup, Complexity, order, and available demographics; interaction terms are sensitivity checks."
q_S4,block,0.14640206018002158,0.09742370477332676,0.1329072631695917,-0.04454489241616183,0.337349012776205,ols_cluster_by_participant,453,42,q_S4 ~ C(WWR) + C(Complexity) + C(ExperienceGroup) + C(DateBatch) + C(Gender) + C(WWR):C(DateBatch) + C(WWR):C(ExperienceGroup) + Age + block + position,datebatch_adjusted,fit,"Controls DateBatch, ExperienceGroup, Complexity, order, and available demographics; interaction terms are sensitivity checks."
q_S4,position,0.26848701694381183,0.0579852897133885,3.6520536157898783e-06,0.1548379374724495,0.38213609641517415,ols_cluster_by_participant,453,42,q_S4 ~ C(WWR) + C(Complexity) + C(ExperienceGroup) + C(DateBatch) + C(Gender) + C(WWR):C(DateBatch) + C(WWR):C(ExperienceGroup) + Age + block + position,datebatch_adjusted,fit,"Controls DateBatch, ExperienceGroup, Complexity, order, and available demographics; interaction terms are sensitivity checks."
q_S5,Intercept,6.846051786798991,1.0387872599398165,4.3856288044803385e-11,4.810066169717904,8.88203740388008,ols_cluster_by_participant,453,42,q_S5 ~ C(WWR) + C(Complexity) + C(ExperienceGroup) + C(DateBatch) + C(Gender) + C(WWR):C(DateBatch) + C(WWR):C(ExperienceGroup) + Age + block + position,datebatch_adjusted,fit,"Controls DateBatch, ExperienceGroup, Complexity, order, and available demographics; interaction terms are sensitivity checks."
q_S5,C(WWR)[T.45],-0.9946782325945108,0.18032208530742352,3.4656597785140354e-08,-1.3481030254142201,-0.6412534397748015,ols_cluster_by_participant,453,42,q_S5 ~ C(WWR) + C(Complexity) + C(ExperienceGroup) + C(DateBatch) + C(Gender) + C(WWR):C(DateBatch) + C(WWR):C(ExperienceGroup) + Age + block + position,datebatch_adjusted,fit,"Controls DateBatch, ExperienceGroup, Complexity, order, and available demographics; interaction terms are sensitivity checks."
q_S5,C(WWR)[T.75],-1.3644591952483227,0.25597007227762947,9.792013766894898e-08,-1.866151318032591,-0.8627670724640544,ols_cluster_by_participant,453,42,q_S5 ~ C(WWR) + C(Complexity) + C(ExperienceGroup) + C(DateBatch) + C(Gender) + C(WWR):C(DateBatch) + C(WWR):C(ExperienceGroup) + Age + block + position,datebatch_adjusted,fit,"Controls DateBatch, ExperienceGroup, Complexity, order, and available demographics; interaction terms are sensitivity checks."
q_S5,C(Complexity)[T.1],-0.9271965630680802,0.22268376210335447,3.130810731317996e-05,-1.3636487167325404,-0.4907444094036201,ols_cluster_by_participant,453,42,q_S5 ~ C(WWR) + C(Complexity) + C(ExperienceGroup) + C(DateBatch) + C(Gender) + C(WWR):C(DateBatch) + C(WWR):C(ExperienceGroup) + Age + block + position,datebatch_adjusted,fit,"Controls DateBatch, ExperienceGroup, Complexity, order, and available demographics; interaction terms are sensitivity checks."
q_S5,C(ExperienceGroup)[T.Low],-0.437768412100465,0.31764060474698186,0.16814530728432653,-1.0603325574320719,0.18479573323114196,ols_cluster_by_participant,453,42,q_S5 ~ C(WWR) + C(Complexity) + C(ExperienceGroup) + C(DateBatch) + C(Gender) + C(WWR):C(DateBatch) + C(WWR):C(ExperienceGroup) + Age + block + position,datebatch_adjusted,fit,"Controls DateBatch, ExperienceGroup, Complexity, order, and available demographics; interaction terms are sensitivity checks."
q_S5,C(DateBatch)[T.Second_2026-05-01_or_later],-0.34716102620331046,0.4108031740752453,0.3980668809884198,-1.1523204521255297,0.45799839971890877,ols_cluster_by_participant,453,42,q_S5 ~ C(WWR) + C(Complexity) + C(ExperienceGroup) + C(DateBatch) + C(Gender) + C(WWR):C(DateBatch) + C(WWR):C(ExperienceGroup) + Age + block + position,datebatch_adjusted,fit,"Controls DateBatch, ExperienceGroup, Complexity, order, and available demographics; interaction terms are sensitivity checks."
q_S5,C(Gender)[T.Male],-0.02082848001524009,0.3356063781493062,0.9505132755925677,-0.6786048941698104,0.6369479341393303,ols_cluster_by_participant,453,42,q_S5 ~ C(WWR) + C(Complexity) + C(ExperienceGroup) + C(DateBatch) + C(Gender) + C(WWR):C(DateBatch) + C(WWR):C(ExperienceGroup) + Age + block + position,datebatch_adjusted,fit,"Controls DateBatch, ExperienceGroup, Complexity, order, and available demographics; interaction terms are sensitivity checks."
q_S5,C(WWR)[T.45]:C(DateBatch)[T.Second_2026-05-01_or_later],0.2674852888437718,0.20606038032515137,0.19425579366521273,-0.13638563523415081,0.6713562129216945,ols_cluster_by_participant,453,42,q_S5 ~ C(WWR) + C(Complexity) + C(ExperienceGroup) + C(DateBatch) + C(Gender) + C(WWR):C(DateBatch) + C(WWR):C(ExperienceGroup) + Age + block + position,datebatch_adjusted,fit,"Controls DateBatch, ExperienceGroup, Complexity, order, and available demographics; interaction terms are sensitivity checks."
q_S5,C(WWR)[T.75]:C(DateBatch)[T.Second_2026-05-01_or_later],0.5235650283147104,0.30077709783070056,0.08173481731368952,-0.06594725080794306,1.1130773074373639,ols_cluster_by_participant,453,42,q_S5 ~ C(WWR) + C(Complexity) + C(ExperienceGroup) + C(DateBatch) + C(Gender) + C(WWR):C(DateBatch) + C(WWR):C(ExperienceGroup) + Age + block + position,datebatch_adjusted,fit,"Controls DateBatch, ExperienceGroup, Complexity, order, and available demographics; interaction terms are sensitivity checks."
q_S5,C(WWR)[T.45]:C(ExperienceGroup)[T.Low],0.0976651899028444,0.2017437750213741,0.6283112837096467,-0.2977453432442002,0.493075723049889,ols_cluster_by_participant,453,42,q_S5 ~ C(WWR) + C(Complexity) + C(ExperienceGroup) + C(DateBatch) + C(Gender) + C(WWR):C(DateBatch) + C(WWR):C(ExperienceGroup) + Age + block + position,datebatch_adjusted,fit,"Controls DateBatch, ExperienceGroup, Complexity, order, and available demographics; interaction terms are sensitivity checks."
q_S5,C(WWR)[T.75]:C(ExperienceGroup)[T.Low],0.38979218742964133,0.3011659358972076,0.19556970828823805,-0.20048220029918412,0.9800665751584667,ols_cluster_by_participant,453,42,q_S5 ~ C(WWR) + C(Complexity) + C(ExperienceGroup) + C(DateBatch) + C(Gender) + C(WWR):C(DateBatch) + C(WWR):C(ExperienceGroup) + Age + block + position,datebatch_adjusted,fit,"Controls DateBatch, ExperienceGroup, Complexity, order, and available demographics; interaction terms are sensitivity checks."
q_S5,Age,-0.0005946944550476862,0.04106903834693969,0.9884467481702628,-0.08108853049474388,0.0798991415846485,ols_cluster_by_participant,453,42,q_S5 ~ C(WWR) + C(Complexity) + C(ExperienceGroup) + C(DateBatch) + C(Gender) + C(WWR):C(DateBatch) + C(WWR):C(ExperienceGroup) + Age + block + position,datebatch_adjusted,fit,"Controls DateBatch, ExperienceGroup, Complexity, order, and available demographics; interaction terms are sensitivity checks."
q_S5,block,-0.037185743108324544,0.10807460225600173,0.7307900620303054,-0.2490080711735792,0.17463658495693013,ols_cluster_by_participant,453,42,q_S5 ~ C(WWR) + C(Complexity) + C(ExperienceGroup) + C(DateBatch) + C(Gender) + C(WWR):C(DateBatch) + C(WWR):C(ExperienceGroup) + Age + block + position,datebatch_adjusted,fit,"Controls DateBatch, ExperienceGroup, Complexity, order, and available demographics; interaction terms are sensitivity checks."
q_S5,position,0.3408654745035282,0.0725400348726209,2.614410896354972e-06,0.1986896187159117,0.4830413302911447,ols_cluster_by_participant,453,42,q_S5 ~ C(WWR) + C(Complexity) + C(ExperienceGroup) + C(DateBatch) + C(Gender) + C(WWR):C(DateBatch) + C(WWR):C(ExperienceGroup) + Age + block + position,datebatch_adjusted,fit,"Controls DateBatch, ExperienceGroup, Complexity, order, and available demographics; interaction terms are sensitivity checks."
