outcome,factor,level,ExperienceGroup,WWR,Complexity,DateBatch,n_subjects,n_trials,n_rows,mean,sd,se,ci95_low,ci95_high,median,interpretation_note
q_S1,ExperienceGroup,ExperienceGroup=High,High,,,,16,177,177,5.548022598870056,1.1914511012874665,0.08955494878423204,5.3724948992529615,5.723550298487151,6.0,"Scene-level questionnaire split; use for descriptive moderation exploration, not as proof of interaction by itself."
q_S1,ExperienceGroup,ExperienceGroup=Low,Low,,,,26,276,276,5.260869565217392,1.3687650589349747,0.08238997464694005,5.099385214909389,5.422353915525394,5.0,"Scene-level questionnaire split; use for descriptive moderation exploration, not as proof of interaction by itself."
q_S1,WWR:ExperienceGroup,WWR=15;ExperienceGroup=High,High,15,,,16,59,59,5.661016949152542,1.1687035182204581,0.1521522382965789,5.362798562091248,5.959235336213837,6.0,"Scene-level questionnaire split; use for descriptive moderation exploration, not as proof of interaction by itself."
q_S1,WWR:ExperienceGroup,WWR=15;ExperienceGroup=Low,Low,15,,,26,91,91,5.472527472527473,1.259106026253542,0.1319901755146778,5.213826728518704,5.731228216536241,6.0,"Scene-level questionnaire split; use for descriptive moderation exploration, not as proof of interaction by itself."
q_S1,WWR:ExperienceGroup,WWR=45;ExperienceGroup=High,High,45,,,16,58,58,5.482758620689655,1.245924997184257,0.16359796699102463,5.162106605387247,5.803410635992063,6.0,"Scene-level questionnaire split; use for descriptive moderation exploration, not as proof of interaction by itself."
q_S1,WWR:ExperienceGroup,WWR=45;ExperienceGroup=Low,Low,45,,,26,91,91,5.076923076923077,1.4470719035407653,0.15169435341281068,4.779602144233968,5.374244009612186,5.0,"Scene-level questionnaire split; use for descriptive moderation exploration, not as proof of interaction by itself."
q_S1,WWR:ExperienceGroup,WWR=75;ExperienceGroup=High,High,75,,,16,60,60,5.5,1.1717001988274147,0.15126584522688322,5.203518943355309,5.796481056644691,6.0,"Scene-level questionnaire split; use for descriptive moderation exploration, not as proof of interaction by itself."
q_S1,WWR:ExperienceGroup,WWR=75;ExperienceGroup=Low,Low,75,,,26,94,94,5.23404255319149,1.3789939601955394,0.14223236690082322,4.955267114065876,5.512817992317103,5.0,"Scene-level questionnaire split; use for descriptive moderation exploration, not as proof of interaction by itself."
q_S1,Complexity:ExperienceGroup,Complexity=0;ExperienceGroup=High,High,,0,,16,89,89,5.46067415730337,1.225266017269134,0.12987793807491183,5.2061133986765435,5.715234915930197,6.0,"Scene-level questionnaire split; use for descriptive moderation exploration, not as proof of interaction by itself."
q_S1,Complexity:ExperienceGroup,Complexity=0;ExperienceGroup=Low,Low,,0,,26,140,140,5.071428571428571,1.3710409695501424,0.11587411088224134,4.844315314099378,5.298541828757764,5.0,"Scene-level questionnaire split; use for descriptive moderation exploration, not as proof of interaction by itself."
q_S1,Complexity:ExperienceGroup,Complexity=1;ExperienceGroup=High,High,,1,,16,88,88,5.636363636363637,1.1565089976524145,0.12328427338560188,5.394726460527857,5.878000812199416,6.0,"Scene-level questionnaire split; use for descriptive moderation exploration, not as proof of interaction by itself."
q_S1,Complexity:ExperienceGroup,Complexity=1;ExperienceGroup=Low,Low,,1,,26,136,136,5.455882352941177,1.3436690898780406,0.11521867390690324,5.230053752083646,5.681710953798707,6.0,"Scene-level questionnaire split; use for descriptive moderation exploration, not as proof of interaction by itself."
q_S1,DateBatch:ExperienceGroup,DateBatch=First_before_2026-05-01;ExperienceGroup=High,High,,,First_before_2026-05-01,6,64,64,5.515625,1.0982263839829156,0.13727829799786445,5.2465595359241854,5.7846904640758146,6.0,"Scene-level questionnaire split; use for descriptive moderation exploration, not as proof of interaction by itself."
q_S1,DateBatch:ExperienceGroup,DateBatch=First_before_2026-05-01;ExperienceGroup=Low,Low,,,First_before_2026-05-01,21,221,221,5.208144796380091,1.39874186871715,0.09408956009095885,5.023729258601811,5.39256033415837,5.0,"Scene-level questionnaire split; use for descriptive moderation exploration, not as proof of interaction by itself."
q_S1,DateBatch:ExperienceGroup,DateBatch=Second_2026-05-01_or_later;ExperienceGroup=High,High,,,Second_2026-05-01_or_later,10,113,113,5.566371681415929,1.245535643484721,0.11717013721416693,5.336718212476162,5.796025150355696,6.0,"Scene-level questionnaire split; use for descriptive moderation exploration, not as proof of interaction by itself."
q_S1,DateBatch:ExperienceGroup,DateBatch=Second_2026-05-01_or_later;ExperienceGroup=Low,Low,,,Second_2026-05-01_or_later,5,55,55,5.472727272727273,1.230094026134309,0.16586584464732138,5.147630217218523,5.797824328236023,5.0,"Scene-level questionnaire split; use for descriptive moderation exploration, not as proof of interaction by itself."
q_S1,DateBatch:WWR:ExperienceGroup,DateBatch=First_before_2026-05-01;WWR=15;ExperienceGroup=High,High,15,,First_before_2026-05-01,6,21,21,5.809523809523809,0.8728715609439697,0.19047619047619052,5.436190476190476,6.182857142857142,6.0,"Scene-level questionnaire split; use for descriptive moderation exploration, not as proof of interaction by itself."
q_S1,DateBatch:WWR:ExperienceGroup,DateBatch=First_before_2026-05-01;WWR=15;ExperienceGroup=Low,Low,15,,First_before_2026-05-01,21,74,74,5.486486486486487,1.2413342715753424,0.14430217796241246,5.203654217680159,5.769318755292815,6.0,"Scene-level questionnaire split; use for descriptive moderation exploration, not as proof of interaction by itself."
q_S1,DateBatch:WWR:ExperienceGroup,DateBatch=First_before_2026-05-01;WWR=45;ExperienceGroup=High,High,45,,First_before_2026-05-01,6,21,21,5.476190476190476,1.2090925365350504,0.26384562242276327,4.95905305624186,5.993327896139093,6.0,"Scene-level questionnaire split; use for descriptive moderation exploration, not as proof of interaction by itself."
q_S1,DateBatch:WWR:ExperienceGroup,DateBatch=First_before_2026-05-01;WWR=45;ExperienceGroup=Low,Low,45,,First_before_2026-05-01,21,72,72,5.013888888888889,1.4964093696462026,0.17635353545131952,4.668235959404303,5.359541818373476,5.0,"Scene-level questionnaire split; use for descriptive moderation exploration, not as proof of interaction by itself."
q_S1,DateBatch:WWR:ExperienceGroup,DateBatch=First_before_2026-05-01;WWR=75;ExperienceGroup=High,High,75,,First_before_2026-05-01,6,22,22,5.2727272727272725,1.162174406295953,0.2477764159524534,4.787085497460464,5.758369047994081,5.0,"Scene-level questionnaire split; use for descriptive moderation exploration, not as proof of interaction by itself."
q_S1,DateBatch:WWR:ExperienceGroup,DateBatch=First_before_2026-05-01;WWR=75;ExperienceGroup=Low,Low,75,,First_before_2026-05-01,21,75,75,5.12,1.423357279795184,0.16435514172855256,4.797863922212037,5.442136077787963,5.0,"Scene-level questionnaire split; use for descriptive moderation exploration, not as proof of interaction by itself."
q_S1,DateBatch:WWR:ExperienceGroup,DateBatch=Second_2026-05-01_or_later;WWR=15;ExperienceGroup=High,High,15,,Second_2026-05-01_or_later,10,38,38,5.578947368421052,1.30759897454691,0.21212056392012757,5.163191063137602,5.994703673704502,6.0,"Scene-level questionnaire split; use for descriptive moderation exploration, not as proof of interaction by itself."
q_S1,DateBatch:WWR:ExperienceGroup,DateBatch=Second_2026-05-01_or_later;WWR=15;ExperienceGroup=Low,Low,15,,Second_2026-05-01_or_later,5,17,17,5.411764705882353,1.3719886811400706,0.33275613232308116,4.759562686529114,6.063966725235592,5.0,"Scene-level questionnaire split; use for descriptive moderation exploration, not as proof of interaction by itself."
q_S1,DateBatch:WWR:ExperienceGroup,DateBatch=Second_2026-05-01_or_later;WWR=45;ExperienceGroup=High,High,45,,Second_2026-05-01_or_later,10,37,37,5.486486486486487,1.282827208023608,0.2108954938868401,5.07313131846828,5.8998416545046934,6.0,"Scene-level questionnaire split; use for descriptive moderation exploration, not as proof of interaction by itself."
q_S1,DateBatch:WWR:ExperienceGroup,DateBatch=Second_2026-05-01_or_later;WWR=45;ExperienceGroup=Low,Low,45,,Second_2026-05-01_or_later,5,19,19,5.315789473684211,1.2495613265350085,0.28666902874330163,4.753918177347339,5.877660770021082,5.0,"Scene-level questionnaire split; use for descriptive moderation exploration, not as proof of interaction by itself."
q_S1,DateBatch:WWR:ExperienceGroup,DateBatch=Second_2026-05-01_or_later;WWR=75;ExperienceGroup=High,High,75,,Second_2026-05-01_or_later,10,38,38,5.631578947368421,1.172224787768251,0.1901599709564722,5.2588654042937355,6.004292490443107,6.0,"Scene-level questionnaire split; use for descriptive moderation exploration, not as proof of interaction by itself."
q_S1,DateBatch:WWR:ExperienceGroup,DateBatch=Second_2026-05-01_or_later;WWR=75;ExperienceGroup=Low,Low,75,,Second_2026-05-01_or_later,5,19,19,5.684210526315789,1.1081832770072813,0.2542346797577094,5.185910553990679,6.1825104986409,6.0,"Scene-level questionnaire split; use for descriptive moderation exploration, not as proof of interaction by itself."
q_S2,ExperienceGroup,ExperienceGroup=High,High,,,,16,177,177,5.745762711864407,1.121989208630597,0.08433387321292254,5.580468320367078,5.911057103361735,6.0,"Scene-level questionnaire split; use for descriptive moderation exploration, not as proof of interaction by itself."
q_S2,ExperienceGroup,ExperienceGroup=Low,Low,,,,26,276,276,5.326086956521739,1.4630630060540095,0.08806604405102092,5.153477510181738,5.49869640286174,6.0,"Scene-level questionnaire split; use for descriptive moderation exploration, not as proof of interaction by itself."
q_S2,WWR:ExperienceGroup,WWR=15;ExperienceGroup=High,High,15,,,16,59,59,6.0508474576271185,1.057383380927025,0.13765959085211105,5.781034659556981,6.320660255697256,6.0,"Scene-level questionnaire split; use for descriptive moderation exploration, not as proof of interaction by itself."
q_S2,WWR:ExperienceGroup,WWR=15;ExperienceGroup=Low,Low,15,,,26,91,91,5.571428571428571,1.3177662677834552,0.1381394396861031,5.3006752696438095,5.842181873213333,6.0,"Scene-level questionnaire split; use for descriptive moderation exploration, not as proof of interaction by itself."
q_S2,WWR:ExperienceGroup,WWR=45;ExperienceGroup=High,High,45,,,16,58,58,5.586206896551724,1.0435177140809475,0.1370205886619011,5.317646542774398,5.854767250329051,6.0,"Scene-level questionnaire split; use for descriptive moderation exploration, not as proof of interaction by itself."
q_S2,WWR:ExperienceGroup,WWR=45;ExperienceGroup=Low,Low,45,,,26,91,91,5.175824175824176,1.5462744229161234,0.1620936030953907,4.85812071375721,5.493527637891142,6.0,"Scene-level questionnaire split; use for descriptive moderation exploration, not as proof of interaction by itself."
q_S2,WWR:ExperienceGroup,WWR=75;ExperienceGroup=High,High,75,,,16,60,60,5.6,1.2101267618150657,0.15622669317698862,5.293795681373102,5.906204318626897,6.0,"Scene-level questionnaire split; use for descriptive moderation exploration, not as proof of interaction by itself."
q_S2,WWR:ExperienceGroup,WWR=75;ExperienceGroup=Low,Low,75,,,26,94,94,5.23404255319149,1.498569439085541,0.15456563584669497,4.9310939069319675,5.536991199451012,5.0,"Scene-level questionnaire split; use for descriptive moderation exploration, not as proof of interaction by itself."
q_S2,Complexity:ExperienceGroup,Complexity=0;ExperienceGroup=High,High,,0,,16,89,89,5.764044943820225,1.0873494870776408,0.11525881511283022,5.538137666199078,5.989952221441372,6.0,"Scene-level questionnaire split; use for descriptive moderation exploration, not as proof of interaction by itself."
q_S2,Complexity:ExperienceGroup,Complexity=0;ExperienceGroup=Low,Low,,0,,26,140,140,5.264285714285714,1.4122318388639046,0.11935537472789058,5.030349179819049,5.49822224875238,5.0,"Scene-level questionnaire split; use for descriptive moderation exploration, not as proof of interaction by itself."
q_S2,Complexity:ExperienceGroup,Complexity=1;ExperienceGroup=High,High,,1,,16,88,88,5.7272727272727275,1.1619174870032598,0.12386082028760283,5.484505519509026,5.970039935036429,6.0,"Scene-level questionnaire split; use for descriptive moderation exploration, not as proof of interaction by itself."
q_S2,Complexity:ExperienceGroup,Complexity=1;ExperienceGroup=Low,Low,,1,,26,136,136,5.389705882352941,1.5161979452401084,0.13001290120232883,5.134880595996377,5.644531168709506,6.0,"Scene-level questionnaire split; use for descriptive moderation exploration, not as proof of interaction by itself."
q_S2,DateBatch:ExperienceGroup,DateBatch=First_before_2026-05-01;ExperienceGroup=High,High,,,First_before_2026-05-01,6,64,64,5.625,1.1751393027860062,0.14689241284825078,5.337090870817429,5.912909129182571,6.0,"Scene-level questionnaire split; use for descriptive moderation exploration, not as proof of interaction by itself."
q_S2,DateBatch:ExperienceGroup,DateBatch=First_before_2026-05-01;ExperienceGroup=Low,Low,,,First_before_2026-05-01,21,221,221,5.398190045248869,1.4380530967850873,0.09673391945294742,5.208591563121092,5.587788527376646,6.0,"Scene-level questionnaire split; use for descriptive moderation exploration, not as proof of interaction by itself."
q_S2,DateBatch:ExperienceGroup,DateBatch=Second_2026-05-01_or_later;ExperienceGroup=High,High,,,Second_2026-05-01_or_later,10,113,113,5.814159292035399,1.0901234576739107,0.10255018857483308,5.613160922428726,6.015157661642071,6.0,"Scene-level questionnaire split; use for descriptive moderation exploration, not as proof of interaction by itself."
q_S2,DateBatch:ExperienceGroup,DateBatch=Second_2026-05-01_or_later;ExperienceGroup=Low,Low,,,Second_2026-05-01_or_later,5,55,55,5.036363636363636,1.5391632691250041,0.20754073287051036,4.629583799937436,5.443143472789837,5.0,"Scene-level questionnaire split; use for descriptive moderation exploration, not as proof of interaction by itself."
q_S2,DateBatch:WWR:ExperienceGroup,DateBatch=First_before_2026-05-01;WWR=15;ExperienceGroup=High,High,15,,First_before_2026-05-01,6,21,21,6.0476190476190474,1.1608699529314417,0.253322591967055,5.55110676736362,6.544131327874475,6.0,"Scene-level questionnaire split; use for descriptive moderation exploration, not as proof of interaction by itself."
q_S2,DateBatch:WWR:ExperienceGroup,DateBatch=First_before_2026-05-01;WWR=15;ExperienceGroup=Low,Low,15,,First_before_2026-05-01,21,74,74,5.662162162162162,1.306223533147633,0.1518454014000213,5.364545175418121,5.959779148906204,6.0,"Scene-level questionnaire split; use for descriptive moderation exploration, not as proof of interaction by itself."
q_S2,DateBatch:WWR:ExperienceGroup,DateBatch=First_before_2026-05-01;WWR=45;ExperienceGroup=High,High,45,,First_before_2026-05-01,6,21,21,5.571428571428571,0.9783367810436533,0.21349058829961806,5.15298701836132,5.989870124495822,6.0,"Scene-level questionnaire split; use for descriptive moderation exploration, not as proof of interaction by itself."
q_S2,DateBatch:WWR:ExperienceGroup,DateBatch=First_before_2026-05-01;WWR=45;ExperienceGroup=Low,Low,45,,First_before_2026-05-01,21,72,72,5.236111111111111,1.5518553689284282,0.18288790913167385,4.87765080921303,5.5945714130091915,6.0,"Scene-level questionnaire split; use for descriptive moderation exploration, not as proof of interaction by itself."
q_S2,DateBatch:WWR:ExperienceGroup,DateBatch=First_before_2026-05-01;WWR=75;ExperienceGroup=High,High,75,,First_before_2026-05-01,6,22,22,5.2727272727272725,1.2792042981336627,0.2727272727272727,4.738181818181818,5.807272727272727,5.0,"Scene-level questionnaire split; use for descriptive moderation exploration, not as proof of interaction by itself."
q_S2,DateBatch:WWR:ExperienceGroup,DateBatch=First_before_2026-05-01;WWR=75;ExperienceGroup=Low,Low,75,,First_before_2026-05-01,21,75,75,5.293333333333333,1.4310583244326305,0.1652443817674468,4.9694543450691375,5.6172123215975285,6.0,"Scene-level questionnaire split; use for descriptive moderation exploration, not as proof of interaction by itself."
q_S2,DateBatch:WWR:ExperienceGroup,DateBatch=Second_2026-05-01_or_later;WWR=15;ExperienceGroup=High,High,15,,Second_2026-05-01_or_later,10,38,38,6.052631578947368,1.0120188124801117,0.16417112997159042,5.730856164203051,6.374406993691685,6.0,"Scene-level questionnaire split; use for descriptive moderation exploration, not as proof of interaction by itself."
q_S2,DateBatch:WWR:ExperienceGroup,DateBatch=Second_2026-05-01_or_later;WWR=15;ExperienceGroup=Low,Low,15,,Second_2026-05-01_or_later,5,17,17,5.176470588235294,1.3339459376998315,0.3235294117647059,4.542352941176471,5.810588235294118,5.0,"Scene-level questionnaire split; use for descriptive moderation exploration, not as proof of interaction by itself."
q_S2,DateBatch:WWR:ExperienceGroup,DateBatch=Second_2026-05-01_or_later;WWR=45;ExperienceGroup=High,High,45,,Second_2026-05-01_or_later,10,37,37,5.594594594594595,1.0918755387827828,0.17950323283938086,5.242768258229408,5.946420930959781,6.0,"Scene-level questionnaire split; use for descriptive moderation exploration, not as proof of interaction by itself."
q_S2,DateBatch:WWR:ExperienceGroup,DateBatch=Second_2026-05-01_or_later;WWR=45;ExperienceGroup=Low,Low,45,,Second_2026-05-01_or_later,5,19,19,4.947368421052632,1.5446568914424657,0.3543685943284939,4.2528059761687835,5.64193086593648,5.0,"Scene-level questionnaire split; use for descriptive moderation exploration, not as proof of interaction by itself."
q_S2,DateBatch:WWR:ExperienceGroup,DateBatch=Second_2026-05-01_or_later;WWR=75;ExperienceGroup=High,High,75,,Second_2026-05-01_or_later,10,38,38,5.7894736842105265,1.1427301290932217,0.18537530551044218,5.42613808541006,6.152809283010993,6.0,"Scene-level questionnaire split; use for descriptive moderation exploration, not as proof of interaction by itself."
q_S2,DateBatch:WWR:ExperienceGroup,DateBatch=Second_2026-05-01_or_later;WWR=75;ExperienceGroup=Low,Low,75,,Second_2026-05-01_or_later,5,19,19,5.0,1.7638342073763937,0.40465131911125596,4.206883414541938,5.793116585458062,5.0,"Scene-level questionnaire split; use for descriptive moderation exploration, not as proof of interaction by itself."
q_S3,ExperienceGroup,ExperienceGroup=High,High,,,,16,177,177,5.508474576271187,1.4066346204028501,0.10572913252770692,5.301245476516882,5.715703676025492,6.0,"Scene-level questionnaire split; use for descriptive moderation exploration, not as proof of interaction by itself."
q_S3,ExperienceGroup,ExperienceGroup=Low,Low,,,,26,276,276,5.101449275362318,1.536417817569468,0.09248148483213807,4.9201855650913275,5.282712985633309,5.0,"Scene-level questionnaire split; use for descriptive moderation exploration, not as proof of interaction by itself."
q_S3,WWR:ExperienceGroup,WWR=15;ExperienceGroup=High,High,15,,,16,59,59,5.5423728813559325,1.5900773555061023,0.2070104392886078,5.136632420350261,5.948113342361604,6.0,"Scene-level questionnaire split; use for descriptive moderation exploration, not as proof of interaction by itself."
q_S3,WWR:ExperienceGroup,WWR=15;ExperienceGroup=Low,Low,15,,,26,91,91,5.252747252747253,1.418868145102572,0.14873779618187807,4.961221172230772,5.5442733332637335,5.0,"Scene-level questionnaire split; use for descriptive moderation exploration, not as proof of interaction by itself."
q_S3,WWR:ExperienceGroup,WWR=45;ExperienceGroup=High,High,45,,,16,58,58,5.655172413793103,1.3052085151413855,0.1713822742613505,5.319263156240856,5.99108167134535,6.0,"Scene-level questionnaire split; use for descriptive moderation exploration, not as proof of interaction by itself."
q_S3,WWR:ExperienceGroup,WWR=45;ExperienceGroup=Low,Low,45,,,26,91,91,5.21978021978022,1.5549362102114086,0.1630016051234465,4.9002970737382645,5.539263365822175,6.0,"Scene-level questionnaire split; use for descriptive moderation exploration, not as proof of interaction by itself."
q_S3,WWR:ExperienceGroup,WWR=75;ExperienceGroup=High,High,75,,,16,60,60,5.333333333333333,1.3105396309512296,0.16918993884063088,5.001721053205697,5.6649456134609695,5.0,"Scene-level questionnaire split; use for descriptive moderation exploration, not as proof of interaction by itself."
q_S3,WWR:ExperienceGroup,WWR=75;ExperienceGroup=Low,Low,75,,,26,94,94,4.840425531914893,1.6084667880852777,0.16590068191327956,4.515260195364865,5.165590868464921,5.0,"Scene-level questionnaire split; use for descriptive moderation exploration, not as proof of interaction by itself."
q_S3,Complexity:ExperienceGroup,Complexity=0;ExperienceGroup=High,High,,0,,16,89,89,5.584269662921348,1.4523412819247545,0.15394786798859592,5.2825318416637,5.886007484178996,6.0,"Scene-level questionnaire split; use for descriptive moderation exploration, not as proof of interaction by itself."
q_S3,Complexity:ExperienceGroup,Complexity=0;ExperienceGroup=Low,Low,,0,,26,140,140,5.057142857142857,1.6038237966846365,0.13554785056028637,4.791469070044696,5.322816644241018,5.0,"Scene-level questionnaire split; use for descriptive moderation exploration, not as proof of interaction by itself."
q_S3,Complexity:ExperienceGroup,Complexity=1;ExperienceGroup=High,High,,1,,16,88,88,5.431818181818182,1.3628524392464045,0.14528055816716223,5.147068287810543,5.71656807582582,6.0,"Scene-level questionnaire split; use for descriptive moderation exploration, not as proof of interaction by itself."
q_S3,Complexity:ExperienceGroup,Complexity=1;ExperienceGroup=Low,Low,,1,,26,136,136,5.147058823529412,1.468329419920152,0.1259082090197134,4.900278733850774,5.39383891320805,5.0,"Scene-level questionnaire split; use for descriptive moderation exploration, not as proof of interaction by itself."
q_S3,DateBatch:ExperienceGroup,DateBatch=First_before_2026-05-01;ExperienceGroup=High,High,,,First_before_2026-05-01,6,64,64,5.78125,1.362406251325497,0.17030078141568714,5.447460468425254,6.115039531574746,6.0,"Scene-level questionnaire split; use for descriptive moderation exploration, not as proof of interaction by itself."
q_S3,DateBatch:ExperienceGroup,DateBatch=First_before_2026-05-01;ExperienceGroup=Low,Low,,,First_before_2026-05-01,21,221,221,5.108597285067873,1.5629134582543576,0.10513293627383978,4.902536729971147,5.314657840164599,5.0,"Scene-level questionnaire split; use for descriptive moderation exploration, not as proof of interaction by itself."
q_S3,DateBatch:ExperienceGroup,DateBatch=Second_2026-05-01_or_later;ExperienceGroup=High,High,,,Second_2026-05-01_or_later,10,113,113,5.353982300884955,1.413710631523985,0.13299070929303666,5.093320510670604,5.614644091099307,6.0,"Scene-level questionnaire split; use for descriptive moderation exploration, not as proof of interaction by itself."
q_S3,DateBatch:ExperienceGroup,DateBatch=Second_2026-05-01_or_later;ExperienceGroup=Low,Low,,,Second_2026-05-01_or_later,5,55,55,5.072727272727272,1.4382930399215832,0.19393939393939394,4.69260606060606,5.452848484848484,5.0,"Scene-level questionnaire split; use for descriptive moderation exploration, not as proof of interaction by itself."
q_S3,DateBatch:WWR:ExperienceGroup,DateBatch=First_before_2026-05-01;WWR=15;ExperienceGroup=High,High,15,,First_before_2026-05-01,6,21,21,6.0476190476190474,1.4309504001254019,0.31225897734771435,5.435591452017527,6.659646643220568,6.0,"Scene-level questionnaire split; use for descriptive moderation exploration, not as proof of interaction by itself."
q_S3,DateBatch:WWR:ExperienceGroup,DateBatch=First_before_2026-05-01;WWR=15;ExperienceGroup=Low,Low,15,,First_before_2026-05-01,21,74,74,5.337837837837838,1.3974245099519471,0.16244729960465265,5.0194411306127185,5.656234545062957,6.0,"Scene-level questionnaire split; use for descriptive moderation exploration, not as proof of interaction by itself."
q_S3,DateBatch:WWR:ExperienceGroup,DateBatch=First_before_2026-05-01;WWR=45;ExperienceGroup=High,High,45,,First_before_2026-05-01,6,21,21,5.9523809523809526,1.2440333788202982,0.2714703393093186,5.420299087334688,6.484462817427217,6.0,"Scene-level questionnaire split; use for descriptive moderation exploration, not as proof of interaction by itself."
q_S3,DateBatch:WWR:ExperienceGroup,DateBatch=First_before_2026-05-01;WWR=45;ExperienceGroup=Low,Low,45,,First_before_2026-05-01,21,72,72,5.208333333333333,1.5738845815549303,0.18548407673707384,4.844784542928668,5.571882123737998,6.0,"Scene-level questionnaire split; use for descriptive moderation exploration, not as proof of interaction by itself."
q_S3,DateBatch:WWR:ExperienceGroup,DateBatch=First_before_2026-05-01;WWR=75;ExperienceGroup=High,High,75,,First_before_2026-05-01,6,22,22,5.363636363636363,1.364357673585582,0.2908820333737202,4.793507578223871,5.933765149048855,6.0,"Scene-level questionnaire split; use for descriptive moderation exploration, not as proof of interaction by itself."
q_S3,DateBatch:WWR:ExperienceGroup,DateBatch=First_before_2026-05-01;WWR=75;ExperienceGroup=Low,Low,75,,First_before_2026-05-01,21,75,75,4.786666666666667,1.6708416177818026,0.1929321715599107,4.408519610409242,5.164813722924092,5.0,"Scene-level questionnaire split; use for descriptive moderation exploration, not as proof of interaction by itself."
q_S3,DateBatch:WWR:ExperienceGroup,DateBatch=Second_2026-05-01_or_later;WWR=15;ExperienceGroup=High,High,15,,Second_2026-05-01_or_later,10,38,38,5.2631578947368425,1.6222142113076252,0.2631578947368421,4.747368421052632,5.778947368421053,6.0,"Scene-level questionnaire split; use for descriptive moderation exploration, not as proof of interaction by itself."
q_S3,DateBatch:WWR:ExperienceGroup,DateBatch=Second_2026-05-01_or_later;WWR=15;ExperienceGroup=Low,Low,15,,Second_2026-05-01_or_later,5,17,17,4.882352941176471,1.4950900031928043,0.3626125884099398,4.171632267892989,5.593073614459953,5.0,"Scene-level questionnaire split; use for descriptive moderation exploration, not as proof of interaction by itself."
q_S3,DateBatch:WWR:ExperienceGroup,DateBatch=Second_2026-05-01_or_later;WWR=45;ExperienceGroup=High,High,45,,Second_2026-05-01_or_later,10,37,37,5.486486486486487,1.3254270092150517,0.21789885806212297,5.059404724684726,5.9135682482882475,6.0,"Scene-level questionnaire split; use for descriptive moderation exploration, not as proof of interaction by itself."
q_S3,DateBatch:WWR:ExperienceGroup,DateBatch=Second_2026-05-01_or_later;WWR=45;ExperienceGroup=Low,Low,45,,Second_2026-05-01_or_later,5,19,19,5.2631578947368425,1.521771820505364,0.34911839898477887,4.578885832726676,5.947429956747009,5.0,"Scene-level questionnaire split; use for descriptive moderation exploration, not as proof of interaction by itself."
q_S3,DateBatch:WWR:ExperienceGroup,DateBatch=Second_2026-05-01_or_later;WWR=75;ExperienceGroup=High,High,75,,Second_2026-05-01_or_later,10,38,38,5.315789473684211,1.2966748150952951,0.21034843124922753,4.9035065484357245,5.728072398932697,5.0,"Scene-level questionnaire split; use for descriptive moderation exploration, not as proof of interaction by itself."
q_S3,DateBatch:WWR:ExperienceGroup,DateBatch=Second_2026-05-01_or_later;WWR=75;ExperienceGroup=Low,Low,75,,Second_2026-05-01_or_later,5,19,19,5.052631578947368,1.3529262199858298,0.3103825616307742,4.4442817581510505,5.660981399743686,5.0,"Scene-level questionnaire split; use for descriptive moderation exploration, not as proof of interaction by itself."
q_S4,ExperienceGroup,ExperienceGroup=High,High,,,,16,177,177,5.451977401129944,1.397729099593346,0.10505975259333089,5.246060286047015,5.657894516212872,6.0,"Scene-level questionnaire split; use for descriptive moderation exploration, not as proof of interaction by itself."
q_S4,ExperienceGroup,ExperienceGroup=Low,Low,,,,26,276,276,5.144927536231884,1.5657735799983397,0.09424849408362951,4.96020048782797,5.329654584635797,5.0,"Scene-level questionnaire split; use for descriptive moderation exploration, not as proof of interaction by itself."
q_S4,WWR:ExperienceGroup,WWR=15;ExperienceGroup=High,High,15,,,16,59,59,5.627118644067797,1.4371704130080454,0.1871036509633783,5.260395488179575,5.9938417999560185,6.0,"Scene-level questionnaire split; use for descriptive moderation exploration, not as proof of interaction by itself."
q_S4,WWR:ExperienceGroup,WWR=15;ExperienceGroup=Low,Low,15,,,26,91,91,5.362637362637362,1.4796131890650304,0.15510560703106321,5.058630372856478,5.666644352418246,6.0,"Scene-level questionnaire split; use for descriptive moderation exploration, not as proof of interaction by itself."
q_S4,WWR:ExperienceGroup,WWR=45;ExperienceGroup=High,High,45,,,16,58,58,5.293103448275862,1.3766042722743674,0.18075699645180146,4.938819735230331,5.647387161321393,5.0,"Scene-level questionnaire split; use for descriptive moderation exploration, not as proof of interaction by itself."
q_S4,WWR:ExperienceGroup,WWR=45;ExperienceGroup=Low,Low,45,,,26,91,91,4.846153846153846,1.6324696827069303,0.17112932147899163,4.510740376055022,5.18156731625267,5.0,"Scene-level questionnaire split; use for descriptive moderation exploration, not as proof of interaction by itself."
q_S4,WWR:ExperienceGroup,WWR=75;ExperienceGroup=High,High,75,,,16,60,60,5.433333333333334,1.3822931900565942,0.1784532834888371,5.083564897695213,5.783101768971454,6.0,"Scene-level questionnaire split; use for descriptive moderation exploration, not as proof of interaction by itself."
q_S4,WWR:ExperienceGroup,WWR=75;ExperienceGroup=Low,Low,75,,,26,94,94,5.223404255319149,1.5530355659897197,0.16018338789573472,4.909444815043509,5.53736369559479,5.5,"Scene-level questionnaire split; use for descriptive moderation exploration, not as proof of interaction by itself."
q_S4,Complexity:ExperienceGroup,Complexity=0;ExperienceGroup=High,High,,0,,16,89,89,5.46067415730337,1.3985071567997143,0.14824146213814193,5.170120891512612,5.751227423094129,6.0,"Scene-level questionnaire split; use for descriptive moderation exploration, not as proof of interaction by itself."
q_S4,Complexity:ExperienceGroup,Complexity=0;ExperienceGroup=Low,Low,,0,,26,140,140,4.992857142857143,1.5845314700077797,0.1339173513628306,4.730379134185995,5.255335151528291,5.0,"Scene-level questionnaire split; use for descriptive moderation exploration, not as proof of interaction by itself."
q_S4,Complexity:ExperienceGroup,Complexity=1;ExperienceGroup=High,High,,1,,16,88,88,5.443181818181818,1.4049007372425648,0.14976292179432002,5.149646491464951,5.736717144898686,6.0,"Scene-level questionnaire split; use for descriptive moderation exploration, not as proof of interaction by itself."
q_S4,Complexity:ExperienceGroup,Complexity=1;ExperienceGroup=Low,Low,,1,,26,136,136,5.301470588235294,1.536324873731809,0.13173877108212437,5.043262596914331,5.559678579556258,6.0,"Scene-level questionnaire split; use for descriptive moderation exploration, not as proof of interaction by itself."
q_S4,DateBatch:ExperienceGroup,DateBatch=First_before_2026-05-01;ExperienceGroup=High,High,,,First_before_2026-05-01,6,64,64,5.5625,1.3318444067568567,0.16648055084460708,5.23619812034457,5.88880187965543,6.0,"Scene-level questionnaire split; use for descriptive moderation exploration, not as proof of interaction by itself."
q_S4,DateBatch:ExperienceGroup,DateBatch=First_before_2026-05-01;ExperienceGroup=Low,Low,,,First_before_2026-05-01,21,221,221,5.126696832579186,1.5846601136690346,0.10659577461962635,4.917769114324718,5.3356245508336535,5.0,"Scene-level questionnaire split; use for descriptive moderation exploration, not as proof of interaction by itself."
q_S4,DateBatch:ExperienceGroup,DateBatch=Second_2026-05-01_or_later;ExperienceGroup=High,High,,,Second_2026-05-01_or_later,10,113,113,5.389380530973451,1.435727965668736,0.1350619258626509,5.124659156282656,5.6541019056642465,6.0,"Scene-level questionnaire split; use for descriptive moderation exploration, not as proof of interaction by itself."
q_S4,DateBatch:ExperienceGroup,DateBatch=Second_2026-05-01_or_later;ExperienceGroup=Low,Low,,,Second_2026-05-01_or_later,5,55,55,5.218181818181818,1.4992703051189429,0.20216156670128285,4.821945147447304,5.614418488916332,5.0,"Scene-level questionnaire split; use for descriptive moderation exploration, not as proof of interaction by itself."
q_S4,DateBatch:WWR:ExperienceGroup,DateBatch=First_before_2026-05-01;WWR=15;ExperienceGroup=High,High,15,,First_before_2026-05-01,6,21,21,5.904761904761905,1.091089451179962,0.23809523809523814,5.438095238095238,6.371428571428572,6.0,"Scene-level questionnaire split; use for descriptive moderation exploration, not as proof of interaction by itself."
q_S4,DateBatch:WWR:ExperienceGroup,DateBatch=First_before_2026-05-01;WWR=15;ExperienceGroup=Low,Low,15,,First_before_2026-05-01,21,74,74,5.405405405405405,1.442210241726304,0.16765353517283568,5.076804476466648,5.734006334344163,6.0,"Scene-level questionnaire split; use for descriptive moderation exploration, not as proof of interaction by itself."
q_S4,DateBatch:WWR:ExperienceGroup,DateBatch=First_before_2026-05-01;WWR=45;ExperienceGroup=High,High,45,,First_before_2026-05-01,6,21,21,5.428571428571429,1.398979219696582,0.305282293806183,4.83021813271131,6.026924724431548,6.0,"Scene-level questionnaire split; use for descriptive moderation exploration, not as proof of interaction by itself."
q_S4,DateBatch:WWR:ExperienceGroup,DateBatch=First_before_2026-05-01;WWR=45;ExperienceGroup=Low,Low,45,,First_before_2026-05-01,21,72,72,4.805555555555555,1.675329598758329,0.1974394866674254,4.418574161687402,5.192536949423709,5.0,"Scene-level questionnaire split; use for descriptive moderation exploration, not as proof of interaction by itself."
q_S4,DateBatch:WWR:ExperienceGroup,DateBatch=First_before_2026-05-01;WWR=75;ExperienceGroup=High,High,75,,First_before_2026-05-01,6,22,22,5.363636363636363,1.4653279998642446,0.31240897926699074,4.7513147642730615,5.975957962999665,6.0,"Scene-level questionnaire split; use for descriptive moderation exploration, not as proof of interaction by itself."
q_S4,DateBatch:WWR:ExperienceGroup,DateBatch=First_before_2026-05-01;WWR=75;ExperienceGroup=Low,Low,75,,First_before_2026-05-01,21,75,75,5.16,1.594246411826485,0.1840877190045232,4.799188070751135,5.5208119292488655,5.0,"Scene-level questionnaire split; use for descriptive moderation exploration, not as proof of interaction by itself."
q_S4,DateBatch:WWR:ExperienceGroup,DateBatch=Second_2026-05-01_or_later;WWR=15;ExperienceGroup=High,High,15,,Second_2026-05-01_or_later,10,38,38,5.473684210526316,1.5894388284780523,0.257841025556124,4.968315800436313,5.979052620616319,6.0,"Scene-level questionnaire split; use for descriptive moderation exploration, not as proof of interaction by itself."
q_S4,DateBatch:WWR:ExperienceGroup,DateBatch=Second_2026-05-01_or_later;WWR=15;ExperienceGroup=Low,Low,15,,Second_2026-05-01_or_later,5,17,17,5.176470588235294,1.667156790678634,0.40434491426080943,4.383954556284108,5.968986620186481,5.0,"Scene-level questionnaire split; use for descriptive moderation exploration, not as proof of interaction by itself."
q_S4,DateBatch:WWR:ExperienceGroup,DateBatch=Second_2026-05-01_or_later;WWR=45;ExperienceGroup=High,High,45,,Second_2026-05-01_or_later,10,37,37,5.216216216216216,1.3770970904029958,0.22639336708340657,4.772485216732739,5.659947215699693,5.0,"Scene-level questionnaire split; use for descriptive moderation exploration, not as proof of interaction by itself."
q_S4,DateBatch:WWR:ExperienceGroup,DateBatch=Second_2026-05-01_or_later;WWR=45;ExperienceGroup=Low,Low,45,,Second_2026-05-01_or_later,5,19,19,5.0,1.4907119849998598,0.3419927840283847,4.329694143304366,5.670305856695634,5.0,"Scene-level questionnaire split; use for descriptive moderation exploration, not as proof of interaction by itself."
q_S4,DateBatch:WWR:ExperienceGroup,DateBatch=Second_2026-05-01_or_later;WWR=75;ExperienceGroup=High,High,75,,Second_2026-05-01_or_later,10,38,38,5.473684210526316,1.3504121914330383,0.21906578480657482,5.044315272305429,5.903053148747203,6.0,"Scene-level questionnaire split; use for descriptive moderation exploration, not as proof of interaction by itself."
q_S4,DateBatch:WWR:ExperienceGroup,DateBatch=Second_2026-05-01_or_later;WWR=75;ExperienceGroup=Low,Low,75,,Second_2026-05-01_or_later,5,19,19,5.473684210526316,1.3891812557774847,0.3187000372734202,4.849032137470412,6.09833628358222,6.0,"Scene-level questionnaire split; use for descriptive moderation exploration, not as proof of interaction by itself."
q_S5,ExperienceGroup,ExperienceGroup=High,High,,,,16,177,177,6.655367231638418,1.741827346903284,0.1309237606766559,6.398756660712173,6.911977802564663,7.0,"Scene-level questionnaire split; use for descriptive moderation exploration, not as proof of interaction by itself."
q_S5,ExperienceGroup,ExperienceGroup=Low,Low,,,,26,276,276,6.416666666666667,1.7488524375958219,0.10526854631054998,6.210340315897989,6.622993017435345,7.0,"Scene-level questionnaire split; use for descriptive moderation exploration, not as proof of interaction by itself."
q_S5,WWR:ExperienceGroup,WWR=15;ExperienceGroup=High,High,15,,,16,59,59,6.932203389830509,1.7701003943831004,0.2304474426714627,6.4805264021944415,7.383880377466576,7.0,"Scene-level questionnaire split; use for descriptive moderation exploration, not as proof of interaction by itself."
q_S5,WWR:ExperienceGroup,WWR=15;ExperienceGroup=Low,Low,15,,,26,91,91,6.648351648351649,1.5518707447151674,0.1626802570237261,6.329498344585145,6.967204952118152,7.0,"Scene-level questionnaire split; use for descriptive moderation exploration, not as proof of interaction by itself."
q_S5,WWR:ExperienceGroup,WWR=45;ExperienceGroup=High,High,45,,,16,58,58,6.448275862068965,1.6772200662510595,0.22022978402017415,6.016625485389424,6.8799262387485065,7.0,"Scene-level questionnaire split; use for descriptive moderation exploration, not as proof of interaction by itself."
q_S5,WWR:ExperienceGroup,WWR=45;ExperienceGroup=Low,Low,45,,,26,91,91,6.142857142857143,1.7484687178050562,0.1832893244357655,5.783610066963043,6.502104218751244,6.0,"Scene-level questionnaire split; use for descriptive moderation exploration, not as proof of interaction by itself."
q_S5,WWR:ExperienceGroup,WWR=75;ExperienceGroup=High,High,75,,,16,60,60,6.583333333333333,1.7687654093876688,0.2283466324635395,6.135773933704796,7.0308927329618705,7.0,"Scene-level questionnaire split; use for descriptive moderation exploration, not as proof of interaction by itself."
q_S5,WWR:ExperienceGroup,WWR=75;ExperienceGroup=Low,Low,75,,,26,94,94,6.457446808510638,1.9045214656887632,0.1964363903667328,6.072431483391842,6.842462133629434,7.0,"Scene-level questionnaire split; use for descriptive moderation exploration, not as proof of interaction by itself."
q_S5,Complexity:ExperienceGroup,Complexity=0;ExperienceGroup=High,High,,0,,16,89,89,6.696629213483146,1.799018004748591,0.19069552711267784,6.322865980342298,7.070392446623995,7.0,"Scene-level questionnaire split; use for descriptive moderation exploration, not as proof of interaction by itself."
q_S5,Complexity:ExperienceGroup,Complexity=0;ExperienceGroup=Low,Low,,0,,26,140,140,6.314285714285714,1.700976081551495,0.1437587172514686,6.032518628472836,6.596052800098592,6.0,"Scene-level questionnaire split; use for descriptive moderation exploration, not as proof of interaction by itself."
q_S5,Complexity:ExperienceGroup,Complexity=1;ExperienceGroup=High,High,,1,,16,88,88,6.613636363636363,1.6913017375377226,0.18029337100826553,6.260261356460163,6.967011370812564,7.0,"Scene-level questionnaire split; use for descriptive moderation exploration, not as proof of interaction by itself."
q_S5,Complexity:ExperienceGroup,Complexity=1;ExperienceGroup=Low,Low,,1,,26,136,136,6.522058823529412,1.7969806436217388,0.15408981895480153,6.2200427783780015,6.824074868680823,7.0,"Scene-level questionnaire split; use for descriptive moderation exploration, not as proof of interaction by itself."
q_S5,DateBatch:ExperienceGroup,DateBatch=First_before_2026-05-01;ExperienceGroup=High,High,,,First_before_2026-05-01,6,64,64,6.828125,1.6286588844521008,0.2035823605565126,6.429103573309235,7.227146426690765,7.0,"Scene-level questionnaire split; use for descriptive moderation exploration, not as proof of interaction by itself."
q_S5,DateBatch:ExperienceGroup,DateBatch=First_before_2026-05-01;ExperienceGroup=Low,Low,,,First_before_2026-05-01,21,221,221,6.398190045248869,1.7798867124548068,0.1197281367863886,6.163522897147548,6.6328571933501905,7.0,"Scene-level questionnaire split; use for descriptive moderation exploration, not as proof of interaction by itself."
q_S5,DateBatch:ExperienceGroup,DateBatch=Second_2026-05-01_or_later;ExperienceGroup=High,High,,,Second_2026-05-01_or_later,10,113,113,6.557522123893805,1.8024688084152065,0.16956200226867008,6.225180599447212,6.889863648340398,7.0,"Scene-level questionnaire split; use for descriptive moderation exploration, not as proof of interaction by itself."
q_S5,DateBatch:ExperienceGroup,DateBatch=Second_2026-05-01_or_later;ExperienceGroup=Low,Low,,,Second_2026-05-01_or_later,5,55,55,6.490909090909091,1.6315492214312328,0.21999805213818938,6.05971290871824,6.922105273099942,7.0,"Scene-level questionnaire split; use for descriptive moderation exploration, not as proof of interaction by itself."
q_S5,DateBatch:WWR:ExperienceGroup,DateBatch=First_before_2026-05-01;WWR=15;ExperienceGroup=High,High,15,,First_before_2026-05-01,6,21,21,7.333333333333333,1.2780193008453877,0.27888667551135854,6.78671544933107,7.879951217335596,7.0,"Scene-level questionnaire split; use for descriptive moderation exploration, not as proof of interaction by itself."
q_S5,DateBatch:WWR:ExperienceGroup,DateBatch=First_before_2026-05-01;WWR=15;ExperienceGroup=Low,Low,15,,First_before_2026-05-01,21,74,74,6.662162162162162,1.5195261250061096,0.17664132404150582,6.315945167040811,7.008379157283514,7.0,"Scene-level questionnaire split; use for descriptive moderation exploration, not as proof of interaction by itself."
q_S5,DateBatch:WWR:ExperienceGroup,DateBatch=First_before_2026-05-01;WWR=45;ExperienceGroup=High,High,45,,First_before_2026-05-01,6,21,21,6.666666666666667,1.6832508230603465,0.3673154433462265,5.946728397708063,7.386604935625271,7.0,"Scene-level questionnaire split; use for descriptive moderation exploration, not as proof of interaction by itself."
q_S5,DateBatch:WWR:ExperienceGroup,DateBatch=First_before_2026-05-01;WWR=45;ExperienceGroup=Low,Low,45,,First_before_2026-05-01,21,72,72,6.111111111111111,1.8197318758972416,0.2144574582313761,5.690774492977614,6.531447729244608,6.0,"Scene-level questionnaire split; use for descriptive moderation exploration, not as proof of interaction by itself."
q_S5,DateBatch:WWR:ExperienceGroup,DateBatch=First_before_2026-05-01;WWR=75;ExperienceGroup=High,High,75,,First_before_2026-05-01,6,22,22,6.5,1.819209666180292,0.3878568040306891,5.73980066409985,7.26019933590015,6.0,"Scene-level questionnaire split; use for descriptive moderation exploration, not as proof of interaction by itself."
q_S5,DateBatch:WWR:ExperienceGroup,DateBatch=First_before_2026-05-01;WWR=75;ExperienceGroup=Low,Low,75,,First_before_2026-05-01,21,75,75,6.413333333333333,1.952775802116908,0.2254871270038368,5.971378564405813,6.855288102260853,7.0,"Scene-level questionnaire split; use for descriptive moderation exploration, not as proof of interaction by itself."
q_S5,DateBatch:WWR:ExperienceGroup,DateBatch=Second_2026-05-01_or_later;WWR=15;ExperienceGroup=High,High,15,,Second_2026-05-01_or_later,10,38,38,6.7105263157894735,1.9715256095264122,0.31982368617306745,6.083671890890261,7.337380740688686,7.0,"Scene-level questionnaire split; use for descriptive moderation exploration, not as proof of interaction by itself."
q_S5,DateBatch:WWR:ExperienceGroup,DateBatch=Second_2026-05-01_or_later;WWR=15;ExperienceGroup=Low,Low,15,,Second_2026-05-01_or_later,5,17,17,6.588235294117647,1.7341721198244626,0.42059851900220857,5.763862196873318,7.412608391361975,7.0,"Scene-level questionnaire split; use for descriptive moderation exploration, not as proof of interaction by itself."
q_S5,DateBatch:WWR:ExperienceGroup,DateBatch=Second_2026-05-01_or_later;WWR=45;ExperienceGroup=High,High,45,,Second_2026-05-01_or_later,10,37,37,6.324324324324325,1.6841426116384373,0.27687133983115875,5.781656498255254,6.866992150393395,6.0,"Scene-level questionnaire split; use for descriptive moderation exploration, not as proof of interaction by itself."
q_S5,DateBatch:WWR:ExperienceGroup,DateBatch=Second_2026-05-01_or_later;WWR=45;ExperienceGroup=Low,Low,45,,Second_2026-05-01_or_later,5,19,19,6.2631578947368425,1.4848159355870003,0.3406401375253964,5.595503225187065,6.93081256428662,7.0,"Scene-level questionnaire split; use for descriptive moderation exploration, not as proof of interaction by itself."
q_S5,DateBatch:WWR:ExperienceGroup,DateBatch=Second_2026-05-01_or_later;WWR=75;ExperienceGroup=High,High,75,,Second_2026-05-01_or_later,10,38,38,6.631578947368421,1.7617720291763208,0.28579716228141,6.071416509296857,7.191741385439985,7.0,"Scene-level questionnaire split; use for descriptive moderation exploration, not as proof of interaction by itself."
q_S5,DateBatch:WWR:ExperienceGroup,DateBatch=Second_2026-05-01_or_later;WWR=75;ExperienceGroup=Low,Low,75,,Second_2026-05-01_or_later,5,19,19,6.631578947368421,1.738790330334712,0.39890585968077447,5.8497234623941035,7.413434432342739,7.0,"Scene-level questionnaire split; use for descriptive moderation exploration, not as proof of interaction by itself."
